Workbook

Sheet Summary
A1: No | B1: Sasaran Program | C1: Kode | D1: Indikator Kinerja Utama | E1: PIC IKU | F1: Satuan | G1: Baseline 2025 | H1: Target 2026 | I1: Target 2027 | J1: Target 2028 | K1: Target 2029
A2: 1 | B2: Meningkatnya kualitas layanan Lembaga Layanan Pendidikan Tinggi (LLDIKTI) | C2: IKU 1 | D2: Keunggulan Layanan LLDIKTI | E2: Tim Kerja Humas dan Kerja Sama | F2: % | G2: 89.75 | H2: 89.86 | I2: 90 | J2: 90.18 | K2: 90.38
C3: IKU 2 | D3: Arsitektur Perguruan Tinggi Swasta (PTS) | E3: Tim Kerja Penjaminan Mutu; Tim Kerja Kelembagaan dan Kemitraan | F3: % | G3: 92.62 | H3: 93.72 | I3: 94.02 | J3: 94.32 | K3: 94.64
C4: IKU 3 | D4: Tata Kelola LLDIKTI yang berkualitas dan berintegritas | E4: Tim Kerja Perencanaan dan Keuangan; Tim Kerja Hukum, Kepegawaian dan Tata Laksana | F4: Nilai | G4: ='IKU3'!B5 -> 80.25 | H4: ='IKU3'!C5 -> 81.265 | I4: ='IKU3'!D5 -> 82.35 | J4: ='IKU3'!E5 -> 83.435 | K4: ='IKU3'!F5 -> 84.875
A5: 2 | B5: Meningkatnya efektivitas sosialisasi kebijakan pendidikan tinggi | C5: IKU 4 | D5: Fasilitasi peningkatan mutu pendidikan pada perguruan tinggi swasta oleh LLDIKTI | E5: Tim Kerja Penjaminan Mutu; Tim Kerja Pembelajaran dan Kemahasiswaan | F5: % | G5: 92.62 | H5: 92.89 | I5: 93.16 | J5: 93.45 | K5: 93.75
C6: IKU 5 | D6: Pencegahan dan penanganan kekerasan, narkoba, dan korupsi | E6: Tim Kerja ADIA | F6: % | G6: 71.88 | H6: 73.32 | I6: 74.79 | J6: 76.29 | K6: 77.82
A7: 3 | B7: Meningkatnya inovasi perguruan tinggi dalam rangka meningkatkan mutu pendidikan | C7: IKU 6 | D7: Fasilitasi Pengembangan Kemahasiswaan dan Prestasi oleh LLDIKTI | E7: Tim Kerja Pembelajaran dan Kemahasiswaan | F7: % | G7: 67.25 | H7: 72.97 | I7: 78.89 | J7: 82.71 | K7: 86.66
C8: IKU 7 | D8: Jumlah Dosen PTS yang Meningkat Jabatan Fungsionalnya | E8: Tim Kerja Sumber Daya | F8: Orang | G8: 1657 | H8: 1692 | I8: 1726 | J8: 1761 | K8: 1796
C9: IKU 8 | D9: Fasilitasi Peningkatan Kinerja Penelitian, Publikasi, Pengabdian pada Masyarakat dan Kemitraan PTS | E9: Tim Kerja Riset dan P2M; Tim Kerja Kelembagaan dan Kemitraan | F9: % | G9: ='IKU 8'!H4 -> 0.0055013656 | H9: ='IKU 8'!H5 -> 0.0086448598 | I9: ='IKU 8'!H6 -> 0.0084726001 | J9: ='IKU 8'!H7 -> 0.0083010085 | K9: ='IKU 8'!H8 -> 0.0081300813
A11: Tahun | B11: Proyeksi Jumlah PTS
A12: 2025 | B12: 244
A13: 2026 | B13: 239
A14: 2027 | B14: 234
A15: 2028 | B15: 229
A16: 2029 | B16: 224

Sheet definisi operasional
A1: ` | B1: Sasaran Program | C1: Kode | D1: Indikator Kinerja Utama | E1: Definisi | F1: Kriteria | G1: Ketentuan | H1: Formula | I1: Satuan
A2: 1 | B2: Meningkatnya kualitas layanan Lembaga Layanan Pendidikan Tinggi (LLDIKTI) | C2: IKU 1 | D2: Keunggulan Layanan LLDIKTI | E2: Merupakan indikator yang mengukur tingkat kepuasan pengguna terhadap layanan utama LLDIKTI. | F2: Kriteria layanan yang keunggulannya diukur adalah layanan di dalam kategori: a. layanan akademik (Contoh: penomoran ijazah dan sertifikat profesi nasional (PISN), akreditasi, penjaminan mutu); b. layanan terkait dosen dan tenaga kependidikan; c. layanan terkait data dan informasi; dan/atau d. layanan kelembagaan (Contoh: pembukaan program studi baru, pendirian PTS baru, pindah lokasi, penyatuan dan penggabungan, dan penutupan). | G2: - | H2: n = responden pengguna layanan LLDIKTI yang puas terhadap hasil layanan t = total responden pengguna layanan LLDIKTI (terdapat batas minimum persentase responden yang dikumpulkan) | I2: % (persentase)
C3: IKU 2 | D3: Arsitektur Perguruan Tinggi Swasta (PTS) | E3: Merupakan indikator yang mengukur persentase PTS yang terakreditasi atau meningkatkan mutu PTS dengan cara penyatuan dan/atau penggabungan PTS. | F3: Untuk laporan dan evaluasi, LLDIKTI dapat menggunakan acuan skala sebagai berikut: | G3: - | H3: a = jumlah PTS yang terakreditasi. b = jumlah PTS yang melakukan penyatuan atau penggabungan. t = total PTS di wilayah kerja LLDIKTI tersebut. | I3: % (Persentase)
C4: IKU 3 | D4: Tata Kelola LLDIKTI yang berkualitas dan berintegritas | E4: Indikator ini mengukur pencapaian predikat kinerja akuntabilitas (SAKIP) serta pencapaian predikat Zona Integritas (WBK/WBBM) oleh LLDIKTI pada tahun penilaian, sebagaimana hasil evaluasi resmi dari KemenPANRB atau Inspektorat Jenderal Kemdiktisaintek dengan memperhatikan indikator pendukung tata kelola berupa Indikator Kinerja Pelaksanaan Anggaran. | F4: Skala dan Predikat Penilaian SAKIP: Kriteria Zona Integritas (ZI): Zona Integritas dianggap memenuhi indikator apabila LLDIKTI berpredikat: a.WBBM (nilai tertinggi) = 100 b.WBK = 90 c. Menuju WBK = 80 | G4: a. Predikat SAKIP dan ZI yang dinilai merupakan hasil penilaian resmi KemenPANRB pada tahun berjalan. b. Predikat yang digunakan hanya yang diumumkan secara formal melalui laporan atau surat keputusan evaluasi KemenPANRB. c. Indikator dapat berbentuk pencapaian predikat (A/B/BB/BBB/CC) atau status ZI (menuju WBK/WBK/WBBM). Untuk output, predikat dinyatakan sah apabila terdapat bukti: a. SK Penetapan KemenPANRB atau Inspektorat Jenderal Kemdiktisaintek; b. Laporan Evaluasi SAKIP; dan c. pengumuman resmi hasil ZI KemenPANRB. | H4: Contoh perhitungan: Diketahui Nilai SAKIP AA = 90, Nilai ZI WBK = 90, maka: | I4: Nilai
A5: 2 | B5: Meningkatnya efektivitas sosialisasi kebijakan pendidikan tinggi | C5: IKU 4 | D5: Fasilitasi peningkatan mutu pendidikan pada perguruan tinggi swasta oleh LLDIKTI | E5: Merupakan indikator yang mengukur tingkat keterlibatan LLDIKTI dalam memberikan fasilitasi peningkatan mutu kepada PTS pada bidang pendidikan, dan Sistem Penjaminan Mutu Internal (SPMI). | F5: Kegiatan yang termasuk dalam lingkup fasilitasi peningkatan mutu PTS oleh LLDIKTI mencakup pendampingan, bimbingan teknis, asistensi, evaluasi, serta layanan konsultasi yang terdokumentasi secara resmi. Adapun PTS yang hanya menjadi peserta pasif webinar tanpa asistensi tidak dihitung sebagai fasilitasi peningkatan mutu. | G5: a. Fasilitasi PTS dihitung 1 (satu) kali, meskipun menerima lebih dari satu jenis fasilitasi. b. Fasilitasi harus memiliki bukti kegiatan, seperti undangan, daftar hadir, laporan, atau dokumen asistensi. c. Perhitungan dilakukan berdasarkan tahun kalender | H5: n = jumlah PTS yang menerima fasilitasi peningkatan mutu dari LLDIKTI pada tahun berjalan (pembelajaran, SPMI, atau kombinasi diantaranya) t = total PTS di wilayah kerja LLDIKTI tersebut | I5: % (Persentase)
C6: IKU 5 | D6: Pencegahan dan penanganan kekerasan, narkoba, dan korupsi | E6: Merupakan indikator yang mengukur persentase PTS yang mengimplementasi kebijakan anti kekerasan, anti narkoba, dan anti korupsi. | F6: a. Kriteria kebijakan anti kekerasan di lingkungan Perguruan Tinggi yang diakui dan dinilai berdasarkan Permendikbudristek No. 55 Tahun 2024 tentang Pencegahan dan Penanganan Kekerasan di Lingkungan Perguruan Tinggi (Permendikbudristek PPKPT), meliputi: 1) mahasiswa untuk mengikuti modul pembelajaran tentang kekerasan, intoleransi, dan perundungan yang ditetapkan oleh Kementerian Pendidikan, Sains, dan Teknologi misal melalui platform Learning Management System atau opsi pengajaran lainnya; dan 2) membuat paling sedikit 1 (satu) bentuk kebijakan anti kekerasan berupa: a) memasukkan materi tentang moderasi beragama/kebhinekaan pada mata kuliah wajib kurikulum agama atau program yang diikuti oleh seluruh mahasiswa; b) memiliki satuan tugas Pencegahan dan Penanganan Kekerasan di Perguruan Tinggi (PPKPT) sesuai dengan Permendikbudristek PPKPT; c) melakukan sosialisasi terkait PPKPT; d) memiliki regulasi yang mengatur pencegahan dan penanganan kekerasan di lingkungan kampus secara menyeluruh; e) memiliki program pencegahan kekerasan di lingkungan kampus yang ditujukan ke seluruh warga kampus; dan/ atau f) memiliki Peraturan spesifik yang melarang adanya perpeloncoan dalam kegiatan mahasiswa yang ada di perguruan tinggi. b. Kriteria kebijakan anti narkoba di lingkungan PTS yang diakui dan dinilai meliputi: 1) memasukkan materi tentang anti narkoba pada program atau mata kuliah yang diikuti oleh seluruh mahasiswa; dan/atau 2) melakukan sosialisasi anti narkoba. c .Kriteria kebijakan anti korupsi di lingkungan PTS yang diakui dan dinilai meliputi: 1) menyelenggarakan mata kuliah pendidikan anti korupsi; 2) memiliki mekanisme pengendalian gratifikasi; 3) memiliki mekanisme penanganan pengadual masyarakat; 4) mengimplementasikan Whistle Blowing System; dan/atau 5) memiliki mekanisme penanganan benturan kepentingan (conflict of interest). | G6: - | H6: n = jumlah PTS yang memiliki kebijakan anti kekerasan, anti narkoba, dan anti korupsi t = total PTS di wilayah kerja LLDIKTI tersebut | I6: % (Persentase)
A7: 3 | B7: Meningkatnya inovasi perguruan tinggi dalam rangka meningkatkan mutu pendidikan | C7: IKU 6 | D7: Fasilitasi Pengembangan Kemahasiswaan dan Prestasi oleh LLDIKTI | E7: Merupakan indikator yang mengukur tingkat keterlibatan LLDIKTI dalam memberikan fasilitasi, pendampingan, dan bimbingan teknis kepada perguruan tinggi swasta (PTS) untuk peningkatan mutu layanan kemahasiswaan, termasuk pengembangan minat bakat, karier, dan prestasi mahasiswa. | F7: Kegiatan yang termasuk fasilitasi pengembangan kemahasiswaan dan prestasi oleh LLDIKTI meliputi bimbingan teknis kemahasiswaan, pendampingan layanan karier, pembinaan minat, bakat, dan prestasi, penguatan organisasi mahasiswa dan PPKPT. Adapun kegiatan webinar umum tidak dihitung. | G7: a. Fasilitasi PTS dihitung 1 (satu) kali, meskipun menerima lebih dari satu jenis fasilitasi. b. Fasilitasi harus memiliki bukti kegiatan, seperti undangan, daftar hadir, laporan, atau dokumen asistensi. c. Perhitungan dilakukan berdasarkan tahun kalender. | H7: n = jumlah PTS yang menerima fasilitasi peningkatan mutu layanan kemahasiswaan dari LLDIKTI pada tahun berjalan (workshop kemahasiswaan, pembinaan prestasi, pelayanan karier, PPKPT, minat bakat, atau pendampingan standar kemahasiswaan) t = total PTS di wilayah kerja LLDIKTI tersebut | I7: % (Persentase)
C8: IKU 7 | D8: Jumlah Dosen PTS yang Meningkat Jabatan Fungsionalnya | E8: Merupakan indikator yang mengukur jumlah dosen perguruan tinggi swasta (PTS) yang mengalami peningkatan jabatan fungsional akademik (Asisten Ahli, Lektor, Lektor Kepala, atau Profesor) setelah mengikuti program pembinaan yang diselenggarakan oleh LLDIKTI, seperti bimbingan teknis (bimtek) jabatan fungsional, klinik penyusunan angka kredit, pendampingan penyusunan portofolio dan dokumen kepakaran, konsultasi percepatan jabatan fungsional, program pembinaan SDM lainnya terkait jabatan fungsional. | F8: Kriteria Dosen yang dapat diperhitungkan dalam indikator ini yaitu: a. dosen harus berasal dari PTS di wilayah kerja LLDIKTI; b. mengikuti program pembinaan LLDIKTI (bimtek, pendampingan, dsb); c. tercatat dalam daftar peserta dan diverifikasi oleh LLDIKTI; d. mendapatkan Keputusan kenaikan jabatan fungsional setelah program pembinaan; e. keputusan kenaikan jabatan fungsional diterbitkan pada tahun berjalan (tahun penilaian IKU); dan f. peningkatan jabatan fungsional merupakan hasil dari proses yang didampingi atau difasilitasi LLDIKTI. | G8: a. Dosen harus mengikuti kegiatan pembinaan resmi LLDIKTI (daftar hadir dan dokumentasi tersedia). b. Peningkatan jabatan fungsional harus dibuktikan dengan keputusan kenaikan jabatan fungsional yang diterbitkan pada tahun penilaian. c. Kenaikan jabatan fungsional dihitung untuk semua jenjang, yaitu: dari Asisten Ahli ke Lektor; dari Lektor ke Lektor Kepala; dan dari Lektor Kepala ke Profesor. d. Jika 1 (satu) dosen naik lebih dari 1 (satu) jenjang dalam tahun yang sama, hanya dihitung 1 (satu) kali. | H8: Jumlah Dosen PTS Naik Jabatan Fungsional | I8: Orang
C9: IKU 8 | D9: Fasilitasi Peningkatan Kinerja Penelitian, Publikasi, Pengabdian pada Masyarakat dan Kemitraan PTS | E9: Indikator ini mengukur jumlah PTS yang menerima fasilitasi LLDIKTI dalam rangka peningkatan kinerja penelitian, publikasi ilmiah, atau kemitraan tridharma, melalui kegiatan pembinaan, pendampingan, bimbingan teknis, atau klinik peningkatan mutu yang dilaksanakan pada tahun penilaian. | F9: Kegiatan yang termasuk dalam fasilitasi peningkatan kinerja penelitian, publikasi, pengabdian pada masyarakat, dan kemitraan PTS yaitu pembinaan, pendampingan, bimbingan teknis, klinik peningkatan mutu, coaching clinic, klinik publikasi, pendampingan SINTA/Scopus/WoS, workshop HKI, fasilitasi kemitraan penelitian atau pengabdian, dan workshop penguatan kapasitas peneliti/dosen. | G9: Fasilitasi penelitian dan publikasi PTS: a. PTS mengikuti fasilitasi resmi LLDIKTI (bimtek, coaching clinic, klinik publikasi, pendampingan SINTA/Scopus/WoS, workshop HKI, fasilitasi kemitraan penelitian atau pengabdian, dan workshop penguatan kapasitas peneliti/dosen); b. kegiatan dilakukan pada tahun penilaian; dan c. terdapat bukti keikutsertaan atau dokumen resmi dari LLDIKTI (undangan, daftar hadir, sertifikat, laporan kegiatan, atau dokumentasi fasilitasi). Kriteria partisipasi PTS dalam fasilitasi LLDIKTI: a. mengikuti minimal satu kegiatan fasilitasi penelitian, publikasi, pengabdian pada masyarakat, atau kemitraan dari LLDIKTI; b. partisipasi diwakili oleh dosen tetap, bukan tenaga tidak tetap; c. ada output minimal, seperti: proposal penelitian/kemitraan yang diverifikasi; outline artikel yang dibina; dan rencana aksi peningkatan kinerja penelitian atau kemitraan; dan d. PTS tercatat dalam daftar penerima fasilitasi resmi LLDIKTI wilayah. | H9: n = jumlah PTS yang memperoleh fasilitasi peningkatan kinerja penelitian, publikasi, pengabdian pada masyarakat, atau kemitraan dari LLDIKTI pada tahun penilaian t = total publikasi di seluruh PTS pada wilayah kerja LLDIKTI tersebut | I9: % (Persentase)

Sheet Matriks Kinerja (semula)
A1: Sesuai dengan yang termuat dalam dokumen Laporan Kinerja 2025 dan draf Renstra 2025-2029, kami sajikan matriks kinerja berdasarkan Kepmendikbudristek Nomor 210/M/2023 sebagai wacana
A3: Sasaran/Indikator Kinerja | C3: Satuan | D3: Target
D4: 2025 | E4: 2026 | F4: 2027 | G4: 2028 | H4: 2029
A5: S 1 | B5: Meningkatnya kualitas layanan LLDikti Wilayah III
A6: IK 1.1 | B6: Persentase layanan LLDikti yang tepat waktu | C6: % | D6: 89.75 | E6: 91.55 | F6: 93.38 | G6: 95.25 | H6: 97.15
A7: IK 2.1 | B7: Persentase PTS yang terakreditasi atau meningkatkan mutu dengan cara penggabungan PTS lain | C7: % | D7: 90.43 | E7: 93.14 | F7: 95.93 | G7: 98.81 | H7: 100
A8: S 2 | B8: Meningkatnya efektivitas sosialisasi kebijakan pendidikan tinggi
A9: IK 2.1 | B9: Persentase PTS yang menyelenggarakan kegiatan pembelajaran di luar program studi. | C9: % | D9: 70.55 | E9: 71.96 | F9: 73.4 | G9: 74.87 | H9: 76.37
A10: IK 2.2 | B10: Persentase mahasiswa S1 atau D4/D3/D2/Dl PTS yang: menjalankan kegiatan pembelajaran di luar program studi; atau meraih prestasi. | C10: % | D10: 11 | E10: 11.22 | F10: 11.44 | G10: 11.67 | H10: 11.9
A11: IK 2.3 | B11: Persentase PTS yang mengimplementasi kebijakan anti kekerasan, anti narkoba, dan anti korupsi. | C11: % | D11: 71.88 | E11: 73.32 | F11: 74.79 | G11: 76.29 | H11: 77.82
A12: S 3 | B12: Meningkatnya inovasi perguruan tinggi dalam rangka meningkatkan mutu pendidikan
A13: IK 3.1 | B13: Persentase PTS yang berhasil meningkatkan kinerja dengan meningkatkan jumlah dosen yang berkegiatan di luar kampus | C13: % | D13: 62.6 | E13: 63.23 | F13: 64.5 | G13: 65.15 | H13: 65.8
A14: IK 3.2 | B14: Persentase PTS yang berhasil meningkatkan kinerja dengan meningkatkan jumlah program studi yang bekerja sama dengan mitra. | C14: % | D14: 48.5 | E14: 49.47 | F14: 50.46 | G14: 51.47 | H14: 52.5
A15: S 4 | B15: Meningkatnya tata Kelola LLDikti Wilayah III
A16: IK 4.1 | B16: Predikat SAKIP | C16: predikat | D16: A | E16: A | F16: A | G16: A | H16: A
A17: IK 4.2 | B17: Nilai Kinerja Anggaran atas Pelaksanaan RKA-K/L | C17: nilai | D17: 98.7 | E17: 98.8 | F17: 98.9 | G17: 99 | H17: 99.1

Sheet IKU2
A1: IKU 2 - APT dan Merger
A2: Tahun | B2: Proyeksi Jumlah PTS (dari Kelembagaan) | C2: PT Non Pbm dan Usul Tutup * | D2: Basis Perhitungan Akre 4 = (2-3) | E2: PT Belum Terakre | F2: Estimasi PT Terakre * | G2: % PT Terakre
A3: 1 | B3: 2 | C3: 3 | D3: 4 | E3: 5 | F3: 6 | G3: 7
A4: 2024 | G4: 87.26%
A5: 2025 | B5: 244 | C5: 18 | D5: 226 | E5: 14 | F5: 227 | G5: 92.62%
A6: 2026 | B6: 239 | C6: 17 | D6: 222 | E6: 12 | F6: 223 | G6: 93.72%
A7: 2027 | B7: 234 | C7: 16 | D7: 218 | E7: 10 | F7: 219 | G7: 94.02%
A8: 2028 | B8: 229 | C8: 15 | D8: 214 | E8: 8 | F8: 215 | G8: 94.32%
A9: 2029 | B9: 224 | C9: 14 | D9: 210 | E9: 6 | F9: 211 | G9: 94.64%
A11: Asumsi
A12: Setiap Tahun ada 1 PT PBm dan Usul Tutup yang terbit pencabutan izin operasionalnya
A13: Setiap Tahun ada 2 PT Belum Terakre yang terbit akre nya
A14: Merger Sudah diperhitungkan kelembagaan di tabel 2 jadi gak perlu di hitung lagi

Sheet IKU3
A2: Uraian | B2: 2025 | C2: 2026 | D2: 2027 | E2: 2028 | F2: 2029
A3: SAKIP | B3: 85.5 | C3: 85.65 | D3: 85.9 | E3: 86.1 | F3: 87
A4: ZI (r 2,5%) | B4: 75 | C4: 76.88 | D4: 78.8 | E4: 80.77 | F4: 82.75
A5: nilai | B5: =AVERAGE(B3:B4) -> 80.25 | C5: =AVERAGE(C3:C4) -> 81.265 | D5: =AVERAGE(D3:D4) -> 82.35 | E5: =AVERAGE(E3:E4) -> 83.435 | F5: =AVERAGE(F3:F4) -> 84.875

Sheet IKU4
A1: IKU 4 - Fasilitasi Mutu Pembelajaran dan SPMI
A2: Tahun | B2: Proyeksi Jumlah PTS (dari Kelembagaan) | C2: PT Non Pbm dan Usul Tutup | D2: PT di undang fasilitasi (4 = (2-3)) | E2: % Target Fasilitasi (4/2 x 100%)
A3: 1 | B3: 2 | C3: 3 | D3: 4 | E3: 5
A4: 2025 | B4: 244 | C4: 18 | D4: 226 | E4: 92.62%
A5: 2026 | B5: 239 | C5: 17 | D5: 222 | E5: 92.89%
A6: 2027 | B6: 234 | C6: 16 | D6: 218 | E6: 93.16%
A7: 2028 | B7: 229 | C7: 15 | D7: 214 | E7: 93.45%
A8: 2029 | B8: 224 | C8: 14 | D8: 210 | E8: 93.75%
A10: Asumsi
A11: Setiap Tahun ada 1 PT PBm dan Usul Tutup yang terbit pencabutan izin operasionalnya
A12: PT yang belum terakre juga tetap mendapat fasilitasi sama seperti yang terakre
A13: PT yang mendapat fasilitasi mutu pembelajaran jumlahnya lebih sedikit sehingga otomatis terhitung pada perhitungan fasilitasi SPMI

Sheet IKU 8
B1: Jumlah PT (Proyeksi) | C1: PT terfasilitasi (n) | D1: Jumlah Publikasi (t) | G1: PT Terfasilitasi (- usul tutup)
A2: 2023 | D2: 36390
A3: 2024 | D3: 69943
A4: 2025 | B4: 244 | C4: 141 | D4: 25630 | E4: =C4/D4 -> 0.0055013656 | F4: =D4/C4 -> 181.77305 | G4: 141 | H4: =G4/D4 -> 0.0055013656
A5: 2026 | B5: 239 | C5: =B5 -> 239 | D5: =D4+50 -> 25680 | E5: =C5/D5 -> 0.0093068536 | F5: =D5/C5 -> 107.4477 | G5: =B5-17 -> 222 | H5: =G5/D5 -> 0.0086448598
A6: 2027 | B6: 234 | C6: =B6 -> 234 | D6: =D5+50 -> 25730 | E6: =C6/D6 -> 0.0090944423 | F6: =D6/C6 -> 109.95727 | G6: =B6-16 -> 218 | H6: =G6/D6 -> 0.0084726001
A7: 2028 | B7: 229 | C7: =B7 -> 229 | D7: =D6+50 -> 25780 | E7: =C7/D7 -> 0.0088828549 | F7: =D7/C7 -> 112.57642 | G7: =B7-15 -> 214 | H7: =G7/D7 -> 0.0083010085
A8: 2029 | B8: 224 | C8: =B8 -> 224 | D8: =D7+50 -> 25830 | E8: =C8/D8 -> 0.0086720867 | F8: =D8/C8 -> 115.3125 | G8: =B8-14 -> 210 | H8: =G8/D8 -> 0.0081300813
B10: Catatan
B11: Persentase indikator melonjak tajam dari 0,55% (2025) ke 0,93% (2026). Hal ini terjadi karena jangkauan fasilitasi secara drastis berbeda dari 141 PT menjadi seluruh PT yang ada di 239 PT. ini menunjukkan komitmen pemerataan layanan yang sangat kuat
B12: Angka persentase menurun karena dampak dari penyusutan jumlah PT dan kenaikan target publikasi
B13: Fokus kepada pemerataan dalam fasilitasi karena hanya menaikan jumlah proyeksi sebanyak 50 publikasi saja pertahun. Target ini sejalan dengan 86 PT yang sebelumnya belum memiliki publikasi agar bisa mulai berkontribusi secara perlahan

Sheet IKU 6
A1: Tahun | B1: Proyeksi Jumlah PTS (dari Kelembagaan) | C1: Jumlah Sasaran PT | D1: PT Non Pbm dan Usul Tutup * | E1: Jumlah PT | F1: % Target Fasilitasi
A2: 2025 | B2: 244 | C2: 152 | D2: 18 | E2: 226 | F2: 0.6725
A3: 2026 | B3: 239 | C3: 162 | D3: 17 | E3: 222 | F3: 0.7297
A4: 2027 | B4: 234 | C4: 172 | D4: 16 | E4: 218 | F4: 0.7889
A5: 2028 | B5: 229 | C5: 177 | D5: 15 | E5: 214 | F5: 0.8271
A6: 2029 | B6: 224 | C6: 182 | D6: 14 | E6: 210 | F6: 0.8666
