Workbook
Name ________________________________________________________________________________________________________ERR1: {#N/A,#N/A,FALSE,"M.42"}
Name ________________________________________________________________________________________________________ERR1: {#N/A,#N/A,FALSE,"M.42"}
Name ________________________________________________________________________________________________________ERR1: {#N/A,#N/A,FALSE,"M.42"}
Name ________________________________________________________________________________________________________ERR1: {#N/A,#N/A,FALSE,"M.42"}
Name ________________________________________________________________________________________________________ERR1: {#N/A,#N/A,FALSE,"M.42"}
Name ________________________________________________________________________________________________________ERR1: {#N/A,#N/A,FALSE,"M.42"}
Name ________________________________________________________________________________________________________ERR1: {#N/A,#N/A,FALSE,"M.42"}
Name ________________________________________________________________________________________________________ERR1: {#N/A,#N/A,FALSE,"M.42"}
Name ________________________________________________________________________________________________________ERR1: {#N/A,#N/A,FALSE,"M.42"}
Name ________________________________________________________________________________________________________ERR1: {#N/A,#N/A,FALSE,"M.42"}
Name ________________________________________________________________________________________________________ERR1: {#N/A,#N/A,FALSE,"M.42"}
Name ________________________________________________________________________________________________________ERR1: {#N/A,#N/A,FALSE,"M.42"}
Name ________________________________________________________________________________________________________ERR1: {#N/A,#N/A,FALSE,"M.42"}
Name ________________________________________________________________________________________________________ERR1: {#N/A,#N/A,FALSE,"M.42"}
Name ________________________________________________________________________________________________________ERR1: {#N/A,#N/A,FALSE,"M.42"}
Name ________________________________________________________________________________________________________ERR1: {#N/A,#N/A,FALSE,"M.42"}
Name ________________________________________________________________________________________________________ERR1: {#N/A,#N/A,FALSE,"M.42"}
Name ______________________________________________________________________________________________________ERR1: {#N/A,#N/A,FALSE,"M.42"}
Name ______________________________________________________________________________________________________ERR1: {#N/A,#N/A,FALSE,"M.42"}
Name ______________________________________________________________________________________________________ERR1: {#N/A,#N/A,FALSE,"M.42"}
Name ______________________________________________________________________________________________________ERR1: {#N/A,#N/A,FALSE,"M.42"}
Name ______________________________________________________________________________________________________ERR1: {#N/A,#N/A,FALSE,"M.42"}
Name ______________________________________________________________________________________________________ERR1: {#N/A,#N/A,FALSE,"M.42"}
Name ______________________________________________________________________________________________________ERR1: {#N/A,#N/A,FALSE,"M.42"}
Name ______________________________________________________________________________________________________ERR1: {#N/A,#N/A,FALSE,"M.42"}
Name ______________________________________________________________________________________________________ERR1: {#N/A,#N/A,FALSE,"M.42"}
Name ______________________________________________________________________________________________________ERR1: {#N/A,#N/A,FALSE,"M.42"}
Name ______________________________________________________________________________________________________ERR1: {#N/A,#N/A,FALSE,"M.42"}
Name ______________________________________________________________________________________________________ERR1: {#N/A,#N/A,FALSE,"M.42"}
Name ______________________________________________________________________________________________________ERR1: {#N/A,#N/A,FALSE,"M.42"}
Name ______________________________________________________________________________________________________ERR1: {#N/A,#N/A,FALSE,"M.42"}
Name ______________________________________________________________________________________________________ERR1: {#N/A,#N/A,FALSE,"M.42"}
Name ______________________________________________________________________________________________________ERR1: {#N/A,#N/A,FALSE,"M.42"}
Name ______________________________________________________________________________________________________ERR1: {#N/A,#N/A,FALSE,"M.42"}
Name ____________________________________________________________________________________________________ERR1: {#N/A,#N/A,FALSE,"M.42"}
Name ____________________________________________________________________________________________________ERR1: {#N/A,#N/A,FALSE,"M.42"}
Name ____________________________________________________________________________________________________ERR1: {#N/A,#N/A,FALSE,"M.42"}
Name ____________________________________________________________________________________________________ERR1: {#N/A,#N/A,FALSE,"M.42"}
Name ____________________________________________________________________________________________________ERR1: {#N/A,#N/A,FALSE,"M.42"}
Name ____________________________________________________________________________________________________ERR1: {#N/A,#N/A,FALSE,"M.42"}
Name ____________________________________________________________________________________________________ERR1: {#N/A,#N/A,FALSE,"M.42"}
Name ____________________________________________________________________________________________________ERR1: {#N/A,#N/A,FALSE,"M.42"}
Name ____________________________________________________________________________________________________ERR1: {#N/A,#N/A,FALSE,"M.42"}
Name ____________________________________________________________________________________________________ERR1: {#N/A,#N/A,FALSE,"M.42"}
Name ____________________________________________________________________________________________________ERR1: {#N/A,#N/A,FALSE,"M.42"}
Name ____________________________________________________________________________________________________ERR1: {#N/A,#N/A,FALSE,"M.42"}
Name ____________________________________________________________________________________________________ERR1: {#N/A,#N/A,FALSE,"M.42"}
Name ____________________________________________________________________________________________________ERR1: {#N/A,#N/A,FALSE,"M.42"}
Name ____________________________________________________________________________________________________ERR1: {#N/A,#N/A,FALSE,"M.42"}
Name ____________________________________________________________________________________________________ERR1: {#N/A,#N/A,FALSE,"M.42"}
Name ____________________________________________________________________________________________________ERR1: {#N/A,#N/A,FALSE,"M.42"}
Name __________________________________________________________________________________________________ERR1: {#N/A,#N/A,FALSE,"M.42"}
Name __________________________________________________________________________________________________ERR1: {#N/A,#N/A,FALSE,"M.42"}
Name __________________________________________________________________________________________________ERR1: {#N/A,#N/A,FALSE,"M.42"}
Name __________________________________________________________________________________________________ERR1: {#N/A,#N/A,FALSE,"M.42"}
Name __________________________________________________________________________________________________ERR1: {#N/A,#N/A,FALSE,"M.42"}
Name __________________________________________________________________________________________________ERR1: {#N/A,#N/A,FALSE,"M.42"}
Name __________________________________________________________________________________________________ERR1: {#N/A,#N/A,FALSE,"M.42"}
Name __________________________________________________________________________________________________ERR1: {#N/A,#N/A,FALSE,"M.42"}
Name __________________________________________________________________________________________________ERR1: {#N/A,#N/A,FALSE,"M.42"}

Sheet RKA 2024
C1: MENJADI
A2: LEMBAGA LAYANAN PENDIDIKAN TINGGI WILAYAH III | F2: =F5+F253 -> 464536956000
A3: KODE | B3: DESKRIPSI | C3: Volume | D3: SATUAN | E3: Harga Satuan | F3: Jumlah Biaya
A5: 023.01.DK | B5: Program Pendidikan Tinggi | F5: =F6 -> 378437225000
A6: 4472 | B6: Pembinaan Kelembagaan Pendidikan Tinggi | F6: =F7+F211 -> 378437225000
A7: 4472.BDB | B7: Fasilitasi dan Pembinaan Lembaga[Base Line] | F7: =F8+F175 -> 7180935000
A8: 4472.BDB.001 | B8: Lembaga Pendidikan Tinggi Akademik dan Vokasi yang mendapatkan layanan pembinaan peningkatan mutu | F8: =F9+F19+F133+F154 -> 6630583000
A9: 051 | B9: Pembinaan dan Evaluasi Lapangan Pengendalian Perguruan Tinggi | F9: =F10 -> 515996000
A10: A | B10: Monitoring, Evaluasi, dan Penataan Legalitas PTS | F10: =F11+F13+F15+F17 -> 515996000
A11: 521211 | B11: Belanja Bahan | F11: =F12 -> 789000
B12: - Konsumsi/Snack/Seminar Kit/Penjlidan dan Penggandaan/Spanduk/Sertifikat | C12: 1 | D12: KEG | E12: 789000 | F12: =C12*E12 -> 789000
A13: 521213 | B13: Belanja Honor Output Kegiatan | F13: =F14 -> 6707000
B14: - Honorarium Panitia | C14: 19 | D14: OK | E14: 353000 | F14: =C14*E14 -> 6707000
A15: 522151 | B15: Belanja Jasa Profesi | F15: =F16 -> 1000000
B16: - Honorarium Narasumber/Moderator | C16: 1 | D16: OJ | E16: 1000000 | F16: =C16*E16 -> 1000000
A17: 524113 | B17: Belanja Perjalanan Dinas Dalam Kota | F17: =F18 -> 507500000
B18: - Biaya Perjalanan Dinas Dalam Kota | C18: 1450 | D18: OK | E18: 350000 | F18: =C18*E18 -> 507500000
A19: 052 | B19: Workshop/Sosialisasi/Bimbingan Teknis Peningkatan Mutu Perguruan Tinggi | F19: =F20+F32+F38+F55+F71+F89+F105+F118 -> 3272979000
A20: A | B20: Workshop/Sosialisasi/Bimbingan Teknis Peningkatan Mutu Perguruan Tinggi | F20: =F21+F24+F26+F28+F30 -> 42582000
A21: 521211 | B21: Belanja Bahan | F21: =SUM(F22:F23) -> 26712000
B22: - Konsumsi/Snack/Seminar Kit/Penjlidan dan Penggandaan/Spanduk/Sertifikat | C22: 1 | D22: KEG | E22: 21360000 | F22: =C22*E22 -> 21360000
B23: - Konsumsi/Snack | C23: 223 | D23: OK | E23: 24000 | F23: =C23*E23 -> 5352000
A24: 521213 | B24: Belanja Honor Output Kegiatan | F24: =F25 -> 3850000
B25: - Honorarium Panitia | C25: 10 | D25: OB | E25: 385000 | F25: =C25*E25 -> 3850000
A26: 521219 | B26: Belanja Barang Non Operasional Lainnya | F26: =F27 -> 2000000
B27: - Penggantian biaya pemeliharaan gedung kampus | C27: 1 | D27: KEG | E27: 2000000 | F27: =C27*E27 -> 2000000
A28: 522151 | B28: Belanja Jasa Profesi | F28: =F29 -> 3600000
B29: - Honorarium Narasumber/Moderator | C29: 4 | D29: OJ | E29: 900000 | F29: =C29*E29 -> 3600000
A30: 524113 | B30: Belanja Perjalanan Dinas Dalam Kota | F30: =F31 -> 6420000
B31: - Biaya Perjalanan Dinas Dalam Kota | C31: 20 | D31: OK | E31: 321000 | F31: =C31*E31 -> 6420000
A32: B | B32: Penilaian Angka Kredit Dosen dan Kegiatan Pendukung Karir Dosen | F32: =F33+F35 -> 570668000
A33: 521211 | B33: Belanja Bahan | F33: =SUM(F34:F34) -> 668000
B34: - Konsumsi/Snack/Seminar Kit/Penjlidan dan Penggandaan/Spanduk/Sertifikat | C34: 1 | D34: KEG | E34: 668000 | F34: =C34*E34 -> 668000
A35: 522151 | B35: Belanja Jasa Profesi | F35: =SUM(F36:F37) -> 570000000
B36: - Honorarium Tim PAK Nasional (LK) [72 ORG x 12 KEG] | C36: 1080 | D36: OJ | E36: 250000 | F36: =C36*E36 -> 270000000
B37: - Honorarium Tim PAK Nasional (GB) [50 ORG x 12 KEG] | C37: 600 | D37: OJ | E37: 500000 | F37: =C37*E37 -> 300000000
A38: C | B38: Penguatan Kemandirian Merdeka Belajar Kampus Merdeka | F38: =F39+F42+F44+F47+F49+F51+F53 -> 873613000
A39: 521211 | B39: Belanja Bahan | F39: =SUM(F40:F41) -> 255442000
B40: - Konsumsi/Snack/Seminar Kit/Penjlidan dan Penggandaan/Spanduk/Sertifikat | C40: 6 | D40: KEG | E40: 42265000 | F40: =C40*E40 -> 253590000
B41: - Spanduk dan Media Publikasi Lainnya | C41: 1 | D41: PKT | E41: 1852000 | F41: =C41*E41 -> 1852000
A42: 521213 | B42: Belanja Honor Output Kegiatan | F42: =F43 -> 8350000
B43: - Honorarium Panitia | C43: 25 | D43: OK | E43: 334000 | F43: =C43*E43 -> 8350000
A44: 521219 | B44: Belanja Barang Non Operasional Lainnya | F44: =F45+F46 -> 11512000
B45: - Penggantian biaya pemeliharaan gedung kampus | C45: 3 | D45: KEG | E45: 2000000 | F45: =C45*E45 -> 6000000
B46: - Iuran Kepesertaan BPJS Ketenagakerjaan (JKK, JKM) | C46: 1 | D46: PKT | E46: 5512000 | F46: =C46*E46 -> 5512000
A47: 522151 | B47: Belanja Jasa Profesi | F47: =F48 -> 287360000
B48: - Honorarium Narasumber/Moderator | C48: 320 | D48: OJ | E48: 898000 | F48: =C48*E48 -> 287360000
A49: 524111 | B49: Belanja Perjalanan Dinas Biasa | F49: =F50 -> 55200000
B50: - Biaya Perjalanan Dinas Luar Kota | C50: 138 | D50: OK | E50: 400000 | F50: =C50*E50 -> 55200000
A51: 524113 | B51: Belanja Perjalanan Dinas Dalam Kota | F51: =F52 -> 115236000
B52: - Biaya Perjalanan Dinas Dalam Kota | C52: 297 | D52: OK | E52: 388000 | F52: =C52*E52 -> 115236000
A53: 524114 | B53: Belanja Perjalanan Dinas Paket Meeting Dalam Kota | F53: =F54 -> 140513000
B54: - Biaya Perjalanan Dinas Paket Meeting Dalam Kota | C54: 227 | D54: OK | E54: 619000 | F54: =C54*E54 -> 140513000
A55: D | B55: Pembelajaran dan Prestasi Mahasiswa | F55: =F56+F58+F60+F62+F64+F67+F69 -> 323925000
A56: 521211 | B56: Belanja Bahan | F56: =F57 -> 81575000
B57: - Konsumsi/Snack/Seminar Kit/Penjlidan dan Penggandaan/Spanduk/Sertifikat | C57: 5 | D57: KEG | E57: 16315000 | F57: =C57*E57 -> 81575000
A58: 521213 | B58: Belanja Honor Output Kegiatan | F58: =F59 -> 14350000
B59: - Honorarium Panitia | C59: 41 | D59: OK | E59: 350000 | F59: =C59*E59 -> 14350000
A60: 521231 | B60: Belanja Barang Pemberian Penghargaan dalam bentuk uang | F60: =F61 -> 10000000
B61: - Pemberian Uang Pembinaan Individu | C61: 5 | D61: OK | E61: 2000000 | F61: =C61*E61 -> 10000000
A62: 521219 | B62: Belanja Barang Non Operasional Lainnya | F62: =F63 -> 10000000
B63: - Penggantian biaya pemeliharaan gedung kampus | C63: 5 | D63: KEG | E63: 2000000 | F63: =C63*E63 -> 10000000
A64: 522151 | B64: Belanja Jasa Profesi | F64: =SUM(F65:F66) -> 92100000
B65: - Honorarium Narasumber/Moderator | C65: 75 | D65: OJ | E65: 808000 | F65: =C65*E65 -> 60600000
B66: - Honorarium Per Proposal Reviewer (Penilaian CU, Video BI, & Naskah GK ) | C66: 210 | D66: Dok | E66: 150000 | F66: =C66*E66 -> 31500000
A67: 524111 | B67: Belanja Perjalanan Dinas Biasa | F67: =F68 -> 30100000
B68: - Biaya Perjalanan Dinas Luar Kota | C68: 43 | D68: OK | E68: 700000 | F68: =C68*E68 -> 30100000
A69: 524113 | B69: Belanja Perjalanan Dinas Dalam Kota | F69: =F70 -> 85800000
B70: - Biaya Perjalanan Dinas Dalam Kota | C70: 260 | D70: OK | E70: 330000 | F70: =C70*E70 -> 85800000
A71: E | B71: Peningkatan Kinerja Dosen | F71: =F72+F74+F76+F78+F81+F83+F85+F87 -> 512494000
A72: 521211 | B72: Belanja Bahan | F72: =F73 -> 89175000
B73: - Konsumsi/Snack/Seminar Kit/Penjlidan dan Penggandaan/Spanduk/Sertifikat | C73: 5 | D73: KEG | E73: 17835000 | F73: =C73*E73 -> 89175000
A74: 521213 | B74: Belanja Honor Output Kegiatan | F74: =F75 -> 8750000
B75: - Biaya Perjalanan Dinas Dalam Kota | C75: 25 | D75: OK | E75: 350000 | F75: =C75*E75 -> 8750000
A76: 521219 | B76: Belanja Barang Non Operasional Lainnya | F76: =F77 -> 4000000
B77: - Penggantian biaya pemeliharaan gedung kampus | C77: 2 | D77: KEG | E77: 2000000 | F77: =C77*E77 -> 4000000
A78: 522151 | B78: Belanja Jasa Profesi | F78: =F79+F80 -> 195525000
B79: - Honorarium Narasumber/Moderator | C79: 225 | D79: OJ | E79: 845000 | F79: =C79*E79 -> 190125000
B80: - Honorarium Per Proposal Reviewer | C80: 36 | D80: OJ | E80: 150000 | F80: =C80*E80 -> 5400000
A81: 524111 | B81: Belanja Perjalanan Dinas Biasa | F81: =F82 -> 14245000
B82: - Belanja Perjalanan Dinas Biasa | C82: 35 | D82: OK | E82: 407000 | F82: =C82*E82 -> 14245000
A83: 524114 | B83: Belanja Perjalanan Dinas Paket Meeting Dalam Kota | F83: =F84 -> 56112000
B84: - Biaya Perjalanan Dinas Paket Meeting Dalam Kota | C84: 112 | D84: OK | E84: 501000 | F84: =C84*E84 -> 56112000
A85: 524113 | B85: Belanja Perjalanan Dinas Dalam Kota | F85: =F86 -> 22857000
B86: - Biaya Perjalanan Dinas Dalam Kota | C86: 57 | D86: OK | E86: 401000 | F86: =C86*E86 -> 22857000
A87: 524119 | B87: Belanja Perjalanan Dinas Paket Meeting Luar Kota | F87: =F88 -> 121830000
B88: - Biaya Perjalanan Dinas Paket Meeting Luar Kota | C88: 186 | D88: OK | E88: 655000 | F88: =C88*E88 -> 121830000
A89: F | B89: Inovasi Dalam Rangka Meningkatkan Mutu Riset dan Pengabdian Masyarakat | F89: =F90+F93+F95+F98+F101+F103 -> 320702000
A90: 521211 | B90: Belanja Bahan | F90: =F91+F92 -> 95035000
B91: - Konsumsi/Snack/Seminar Kit/Penjlidan dan Penggandaan/Spanduk/Sertifikat | C91: 8 | D91: KEG | E91: 11535000 | F91: =C91*E91 -> 92280000
B92: - Biaya Cetak Book Chapters | C92: 1 | D92: KEG | E92: 2755000 | F92: =C92*E92 -> 2755000
A93: 521213 | B93: Belanja Honor Output Kegiatan | F93: =F94 -> 15975000
B94: - Honorarium Panitia | C94: 45 | D94: OK | E94: 355000 | F94: =C94*E94 -> 15975000
A95: 521219 | B95: Belanja Barang Non Operasional Lainnya | F95: =F96+F97 -> 24200000
B96: - Penggantian biaya pemeliharaan gedung kampus | C96: 3 | D96: KEG | E96: 2000000 | F96: =C96*E96 -> 6000000
B97: - Pendaftaran ISBN dan E-Book/Biaya Langganan Crossref/Biaya Mail Blast Annual/Pembentukan OJS | C97: 4 | D97: KEG | E97: 4550000 | F97: =C97*E97 -> 18200000
A98: 522151 | B98: Belanja Jasa Profesi | F98: =SUM(F99:F100) -> 107568000
B99: - Honorarium Narasumber/Moderator | C99: 91 | D99: OJ | E99: 848000 | F99: =C99*E99 -> 77168000
B100: - Honorarium Penanggungjawab/Redaktur/Penyunting/Sekretariat | C100: 76 | D100: OK | E100: 400000 | F100: =C100*E100 -> 30400000
A101: 524111 | B101: Belanja Perjalanan Dinas Biasa | F101: =F102 -> 19272000
...

Sheet RAB Full 2026
C1: MENJADI
A2: LEMBAGA LAYANAN PENDIDIKAN TINGGI WILAYAH III | F2: =F5+F402 -> 462058409000
A3: KODE | B3: DESKRIPSI | C3: Volume | D3: SATUAN | E3: Harga Satuan | F3: Jumlah Biaya
A5: 023.01.DK | B5: Program Pendidikan Tinggi | F5: =F6 -> 374468798000
A6: 4472 | B6: Pembinaan Kelembagaan Pendidikan Tinggi | F6: =F7+F360 -> 374468798000
A7: 4472.BDB | B7: Fasilitasi dan Pembinaan Lembaga[Base Line] | F7: =F8+F301 -> 6610725000
A8: 4472.BDB.001 | B8: Lembaga Pendidikan Tinggi Akademik dan Vokasi yang mendapatkan layanan pembinaan peningkatan mutu | F8: =F9+F36+F203+F250 -> 6200373000 | G8: =#REF!-F8 -> #REF!
A9: 051 | B9: Pembinaan dan Evaluasi Lapangan Pengendalian Perguruan Tinggi | F9: =F10 -> 527592000
A10: A | B10: Monitoring, Evaluasi, dan Penataan Legalitas PTS | F10: =F11+F17+F22+F25+F33 -> 527592000
A11: 521211 | B11: Belanja Bahan | F11: =SUM(F12:F16) -> 71420000
B12: - 01 Makan Rapat Biasa D.K.I. JAKARTA [150 ORG x 5KL] | C12: 750 | D12: OK | E12: 57000 | F12: =C12*E12 -> 42750000
B13: - 02 Snack Rapat Biasa D.K.I. JAKARTA [150 ORG x 5 KL] | C13: 750 | D13: OK | E13: 24000 | F13: =C13*E13 -> 18000000
B14: - 03 Bahan Habis Pakai | C14: 1 | D14: KEG | E14: =778000-108000 -> 670000 | F14: =C14*E14 -> 670000
B15: - 05 Spanduk dan Media Publikasi Lainnya | C15: 5 | D15: KEG | E15: 1000000 | F15: =C15*E15 -> 5000000
B16: - 06 Penggandaan dan Penjilidan Laporan | C16: 5 | D16: KEG | E16: 1000000 | F16: =C16*E16 -> 5000000
A17: 521213 | B17: Belanja Honor Output Kegiatan | F17: =SUM(F18:F21) -> 23750000
B18: - 01 Honorarium Penanggung Jawab Panitia Seminar/Rakor/Sosialisai/Diseminasi/FGD (1 ORG x 5 KL) | C18: 5 | D18: OK | E18: 450000 | F18: =C18*E18 -> 2250000
B19: - 02 Honorarium Ketua/Wakil ketua Panitia Seminar/Rakor/Sosialisai/Diseminasi/FGD (1 ORG x 5 KL) | C19: 5 | D19: OK | E19: 400000 | F19: =C19*E19 -> 2000000
B20: - 03 Honorarium Sekretaris Panitia Seminar/Rakor/Sosialisai/Diseminasi/FGD (1 ORG x 5 KL) | C20: 5 | D20: OK | E20: 300000 | F20: =C20*E20 -> 1500000
B21: - 04 Honorarium Anggota Panitia Seminar/Rakor/Sosialisai/Diseminasi/FGD (12 ORG x 5 KL) | C21: 60 | D21: OK | E21: 300000 | F21: =C21*E21 -> 18000000
A22: 522151 | B22: Belanja Jasa Profesi | F22: =SUM(F23:F24) -> 70500000
B23: - 01 Honorarium Narasumber (Pejabat Eselon II) [4 ORG x 3 JAM x 5 KEG] | C23: 60 | D23: OJ | E23: 1000000 | F23: =C23*E23 -> 60000000
B24: - 02 Honorarium Moderator [3 ORG x 5 KEG] | C24: 15 | D24: ORKAL | E24: 700000 | F24: =C24*E24 -> 10500000
A25: 524111 | B25: Belanja Perjalanan Dinas Biasa | F25: =SUM(F26:F32) -> 118722000
B26: - 01 Uang Harian Perjalanan Dinas Luar Kota (Jawa Barat) [8 ORG x 1 TIM x 1 HARI x 6 PT] | C26: 48 | D26: OH | E26: 430000 | F26: =C26*E26 -> 20640000
B27: - 02 Satuan biaya transportasi jakarta ke kota bekasi [8 ORG x 1 TIM x 2 KL x 6 PT] | C27: 96 | D27: OK | E27: 284000 | F27: =C27*E27 -> 27264000
B28: - 04 Satuan Biaya Tiket Pesawat Perjalanan Dinas Dalam Negeri (PP) Ekonomi JAKARTA - SEMARANG | C28: 8 | D28: OK | E28: 2182000 | F28: =C28*E28 -> 17456000
B29: - 07 Biaya Penginapan Perjalanan Dinas Pejabat Eselon III/Golongan IV (JAWA TENGAH) [8 ORG x 2 KL x 2 HR] | C29: 32 | D29: OH | E29: 1201000 | F29: =C29*E29 -> 38432000
B30: - 10 Uang Harian Perjalanan Dinas Luar Kota (Jawa Tengah) [5 ORG x 3 HR] | C30: 15 | D30: OH | E30: 370000 | F30: =C30*E30 -> 5550000
B31: - 12 Biaya Taksi Perjalanan Dinas (D.K.I. Jakarta) [5 ORG x 2 KL x 3 KEG] | C31: 30 | D31: OK | E31: 274000 | F31: =C31*E31 -> 8220000
B32: - 14 Biaya Taksi Perjalanan Dinas (Jawa Tengah) [5 ORG x 2 KL] | C32: 10 | D32: OK | E32: 116000 | F32: =C32*E32 -> 1160000
A33: 524113 | B33: Belanja Perjalanan Dinas Dalam Kota | F33: =SUM(F34:F35) -> 243200000
B34: - 01 Uang Harian Perjalanan Dinas Dalam Kota Lebih dari 8 Jam (D.K.I. Jakarta) [4 ORG x 10 TIM x 1 HR x 8 PT 2 x KL] | C34: 640 | D34: OH | E34: 210000 | F34: =C34*E34 -> 134400000
B35: - 02 Uang Transport Kegiatan Dalam Kabupaten/Kota Pergi Pulang (PP) [4 ORG x 10 TIM x 1 HR x 8 PT 2 x KL] | C35: 640 | D35: OK | E35: 170000 | F35: =C35*E35 -> 108800000
A36: 052 | B36: Workshop/Sosialisasi/Bimbingan Teknis Peningkatan Mutu Perguruan Tinggi | F36: =F37+F54+F60+F84+F105+F129+F153+F176 -> 3315633000
A37: A | B37: Workshop/Sosialisasi/Bimbingan Teknis Peningkatan Mutu Perguruan Tinggi | F37: =F38+F43+F48+F51 -> 53592000
A38: 521211 | B38: Belanja Bahan | F38: =SUM(F39:F42) -> 22442000
B39: - 01 Makan Rapat Biasa D.K.I. JAKARTA | C39: 250 | D39: OK | E39: 57000 | F39: =C39*E39 -> 14250000
B40: - 02 Snack Rapat Biasa D.K.I. JAKARTA | C40: 250 | D40: OK | E40: 24000 | F40: =C40*E40 -> 6000000
B41: - 04 Bahan Habis Pakai | C41: 1 | D41: KEG | E41: 1192000 | F41: =C41*E41 -> 1192000
B42: - 05 Penggandaan dan Penjilidan Laporan | C42: 1 | D42: KEG | E42: 1000000 | F42: =C42*E42 -> 1000000
A43: 521213 | B43: Belanja Honor Output Kegiatan | F43: =SUM(F44:F47) -> 4150000
B44: - 01 Honorarium Penanggung Jawab Panitia Seminar/Rakor/Sosialisai/Diseminasi/FGD | C44: 1 | D44: OK | E44: 450000 | F44: =C44*E44 -> 450000
B45: - 02 Honorarium Ketua/Wakil ketua Panitia Seminar/Rakor/Sosialisai/Diseminasi/FGD | C45: 1 | D45: OK | E45: 400000 | F45: =C45*E45 -> 400000
B46: - 03 Honorarium Sekretaris Panitia Seminar/Rakor/Sosialisai/Diseminasi/FGD | C46: 1 | D46: OK | E46: 300000 | F46: =C46*E46 -> 300000
B47: - 04 Honorarium Anggota Panitia Seminar/Rakor/Sosialisai/Diseminasi/FGD | C47: 10 | D47: OK | E47: 300000 | F47: =C47*E47 -> 3000000
A48: 522151 | B48: Belanja Jasa Profesi | F48: =SUM(F49:F50) -> 19400000
B49: - 01 Honorarium Narasumber (Pejabat Eselon II) [3 ORG x 3 JAM x 2 KEG] | C49: 18 | D49: OJ | E49: 1000000 | F49: =C49*E49 -> 18000000
B50: - 02 Honorarium Moderator [1 ORG x 2 KL] | C50: 2 | D50: ORKAL | E50: 700000 | F50: =C50*E50 -> 1400000
A51: 524113 | B51: Belanja Perjalanan Dinas Dalam Kota | F51: =SUM(F52:F53) -> 7600000
B52: - 01 Uang Harian Perjalanan Dinas Dalam Kota Lebih dari 8 Jam (D.K.I. Jakarta) [10 ORG x 2 KL] | C52: 20 | D52: OH | E52: 210000 | F52: =C52*E52 -> 4200000
B53: - 02 Uang Transport Kegiatan Dalam Kabupaten/Kota Pergi Pulang (PP) [10 ORG x 2 KL] | C53: 20 | D53: OK | E53: 170000 | F53: =C53*E53 -> 3400000
A54: B | B54: Penilaian Angka Kredit Dosen dan Kegiatan Pendukung Karir Dosen | F54: =F55+F57 -> 570668000
A55: 521211 | B55: Belanja Bahan | F55: =SUM(F56:F56) -> 668000
B56: - Konsumsi/Snack/Seminar Kit/Penjlidan dan Penggandaan/Spanduk/Sertifikat | C56: 1 | D56: KEG | E56: 668000 | F56: =C56*E56 -> 668000
A57: 522151 | B57: Belanja Jasa Profesi | F57: =SUM(F58:F59) -> 570000000
B58: - Honorarium Tim PAK Nasional (LK) [72 ORG x 12 KEG] | C58: 1080 | D58: OJ | E58: 250000 | F58: =C58*E58 -> 270000000
B59: - Honorarium Tim PAK Nasional (GB) [50 ORG x 12 KEG] | C59: 600 | D59: OJ | E59: 500000 | F59: =C59*E59 -> 300000000
A60: C | B60: Penguatan Kemandirian Merdeka Belajar Kampus Merdeka | F60: =F61+F67+F72+F76+F79+F82 -> 886413000
A61: 521211 | B61: Belanja Bahan | F61: =SUM(F62:F66) -> 277045000
B62: - 01 Makan Rapat Biasa D.K.I. JAKARTA [200 ORG x 4 KEG x 4 KL] | C62: 3200 | D62: OK | E62: 57000 | F62: =C62*E62 -> 182400000
B63: - 02 Snack Rapat Biasa D.K.I. JAKARTA [200 ORG x 4 KEG x 4 KL] | C63: 3200 | D63: OK | E63: 24000 | F63: =C63*E63 -> 76800000
B64: - 04 Bahan Habis Pakai | C64: 1 | D64: KEG | E64: 5845000 | F64: =C64*E64 -> 5845000
B65: - 04 Spanduk dan Media Publikasi Lainnya | C65: 4 | D65: KEG | E65: 1500000 | F65: =C65*E65 -> 6000000
B66: - 05 Penggandaan dan Penjilidan Laporan | C66: 4 | D66: KEG | E66: 1500000 | F66: =C66*E66 -> 6000000
A67: 521213 | B67: Belanja Honor Output Kegiatan | F67: =SUM(F68:F71) -> 8300000
B68: - 01 Honorarium Penanggung Jawab Panitia Seminar/Rakor/Sosialisai/Diseminasi/FGD | C68: 2 | D68: OK | E68: 450000 | F68: =C68*E68 -> 900000
B69: - 02 Honorarium Ketua/Wakil ketua Panitia Seminar/Rakor/Sosialisai/Diseminasi/FGD | C69: 2 | D69: OK | E69: 400000 | F69: =C69*E69 -> 800000
B70: - 03 Honorarium Sekretaris Panitia Seminar/Rakor/Sosialisai/Diseminasi/FGD | C70: 2 | D70: OK | E70: 300000 | F70: =C70*E70 -> 600000
B71: - 04 Honorarium Anggota Panitia Seminar/Rakor/Sosialisai/Diseminasi/FGD | C71: 20 | D71: OK | E71: 300000 | F71: =C71*E71 -> 6000000
A72: 522151 | B72: Belanja Jasa Profesi | F72: =SUM(F73:F75) -> 247000000
B73: - 01 Honorarium Narasumber (Pejabat Eselon II) [4 ORG x 3 JAM x 2 HR x10 KEG] | C73: 240 | D73: OJ | E73: 900000 | F73: =C73*E73 -> 216000000
B74: - 02 Honorarium Per Proposal Reviewer (Penilaian CU, Video BI, & Naskah GK ) | C74: 160 | D74: Dok | E74: 150000 | F74: =C74*E74 -> 24000000
B75: - 03 Honorarium Moderator [1 ORG x 10 KL] | C75: 10 | D75: ORKAL | E75: 700000 | F75: =C75*E75 -> 7000000
A76: 524111 | B76: Belanja Perjalanan Dinas Biasa | F76: =SUM(F77:F78) -> 8568000
B77: - 01 Uang Harian Perjalanan Dinas Luar Kota (Jawa Barat) [12 ORG x 1 HR] | C77: 12 | D77: OH | E77: 430000 | F77: =C77*E77 -> 5160000
B78: - 02 Satuan biaya transportasi jakarta ke kota bekasi [12 ORG x 1 KL] | C78: 12 | D78: OK | E78: 284000 | F78: =C78*E78 -> 3408000
A79: 524113 | B79: Belanja Perjalanan Dinas Dalam Kota | F79: =SUM(F80:F81) -> 118000000
B80: - 01 Uang Harian Perjalanan Dinas Dalam Kota Lebih dari 8 Jam (D.K.I. Jakarta) [50 ORG x 2 HR x 4 KEG] | C80: 400 | D80: OH | E80: 210000 | F80: =C80*E80 -> 84000000
B81: - 02 Uang Transport Kegiatan Dalam Kabupaten/Kota Pergi Pulang (PP) [50 ORG x2 HR x 4 KL] | C81: 200 | D81: OK | E81: 170000 | F81: =C81*E81 -> 34000000
A82: 524114 | B82: Belanja Perjalanan Dinas Paket Meeting Dalam Kota | F82: =F83 -> 227500000
B83: - Biaya Perjalanan Dinas Paket Meeting Dalam Kota [250 ORG x 2 KL] | C83: 500 | D83: OK | E83: 455000 | F83: =C83*E83 -> 227500000
A84: D | B84: Pembelajaran dan Prestasi Mahasiswa | F84: =F85+F91+F96+F99+F102 -> 328725000
A85: 521211 | B85: Belanja Bahan | F85: =SUM(F86:F90) -> 106015000
B86: - 01 Makan Rapat Biasa D.K.I. JAKARTA [150 ORG x 2 KL x 4 KEG ] | C86: 1200 | D86: OK | E86: 57000 | F86: =C86*E86 -> 68400000
B87: - 02 Snack Rapat Biasa D.K.I. JAKARTA [150 ORG x 2 KL x 4 KEG ] | C87: 1200 | D87: OK | E87: 24000 | F87: =C87*E87 -> 28800000
B88: - 03 Bahan Habis Pakai | C88: 1 | D88: KEG | E88: 4815000 | F88: =C88*E88 -> 4815000
B89: - 04 Spanduk dan Media Publikasi Lainnya | C89: 2 | D89: KEG | E89: 1000000 | F89: =C89*E89 -> 2000000
B90: - 05 Penggandaan dan Penjilidan Laporan | C90: 2 | D90: KEG | E90: 1000000 | F90: =C90*E90 -> 2000000
A91: 521213 | B91: Belanja Honor Output Kegiatan | F91: =SUM(F92:F95) -> 4750000
B92: - 01 Honorarium Penanggung Jawab Panitia Seminar/Rakor/Sosialisai/Diseminasi/FGD | C92: 1 | D92: OK | E92: 450000 | F92: =C92*E92 -> 450000
B93: - 02 Honorarium Ketua/Wakil ketua Panitia Seminar/Rakor/Sosialisai/Diseminasi/FGD | C93: 1 | D93: OK | E93: 400000 | F93: =C93*E93 -> 400000
B94: - 03 Honorarium Sekretaris Panitia Seminar/Rakor/Sosialisai/Diseminasi/FGD | C94: 1 | D94: OK | E94: 300000 | F94: =C94*E94 -> 300000
B95: - 04 Honorarium Anggota Panitia Seminar/Rakor/Sosialisai/Diseminasi/FGD | C95: 12 | D95: OK | E95: 300000 | F95: =C95*E95 -> 3600000
A96: 522151 | B96: Belanja Jasa Profesi | F96: =SUM(F97:F98) -> 66800000
B97: - 01 Honorarium Narasumber (Pejabat Eselon II) [4 ORG x 4 JAM x 4 KEG] | C97: 64 | D97: OJ | E97: 1000000 | F97: =C97*E97 -> 64000000
B98: - 02 Honorarium Moderator [1 ORG x 4 KL] | C98: 4 | D98: ORKAL | E98: 700000 | F98: =C98*E98 -> 2800000
A99: 524111 | B99: Belanja Perjalanan Dinas Biasa | F99: =SUM(F100:F101) -> 37160000
B100: - 01 Uang Harian Perjalanan Dinas Luar Kota (Jawa Barat) [20 ORG x 3 HR] | C100: 60 | D100: OH | E100: 430000 | F100: =C100*E100 -> 25800000
B101: - 02 Satuan biaya transportasi jakarta ke kota bekasi [20 ORG x 2 KL] | C101: 40 | D101: OK | E101: 284000 | F101: =C101*E101 -> 11360000
...

Sheet RAB Rev Terakhir
C1: MENJADI | G1: Non Perjadin | H1: Perjadin
A2: LEMBAGA LAYANAN PENDIDIKAN TINGGI WILAYAH III | F2: =F5+F286 -> 533596997000 | G2: =SUM(G5:G513) -> 2235622000 | H2: =SUM(H5:H513) -> 2619862000
A3: KODE | B3: DESKRIPSI | C3: Volume | D3: SATUAN | E3: Harga Satuan | F3: Jumlah Biaya | G3: =G2/(G2+H2) -> 0.46043237 | H3: =H2/(G2+H2) -> 0.53956763
A5: 139.03.DK | B5: Program Pendidikan Tinggi | F5: =F6 -> 412713557000
A6: 7733 | B6: Pembinaan Kelembagaan Pendidikan Tinggi | F6: =F243+F7 -> 412713557000
A7: 7733.BDB | B7: Fasilitasi dan Pembinaan Lembaga[Base Line] | F7: =F8+F202 -> 4855484000
A8: 7733.BDB.001 | B8: Lembaga Pendidikan Tinggi Akademik dan Vokasi yang mendapatkan layanan pembinaan peningkatan mutu | C8: 245 | D8: Lembaga | F8: =F9+F26+F115+F138 -> 4594964000
A9: 051 | B9: Pembinaan dan Evaluasi Lapangan Pengendalian Perguruan Tinggi | F9: =F10 -> 52150000
A10: A | B10: Monitoring, Evaluasi, dan Penataan Legalitas PTS | F10: =F11+F15+F20+F23 -> 52150000
A11: 521211 | B11: Belanja Bahan | F11: =SUM(F12:F14) -> 8800000 | G11: =F11 -> 8800000
B12: - 01 Makan Rapat Biasa D.K.I. JAKARTA [150 ORG x 5KL] | C12: 100 | D12: OK | E12: 57000 | F12: =C12*E12 -> 5700000
B13: - 02 Snack Rapat Biasa D.K.I. JAKARTA [150 ORG x 5 KL] | C13: 100 | D13: OK | E13: 24000 | F13: =C13*E13 -> 2400000
B14: - 03 Bahan Habis Pakai | C14: 1 | D14: KEG | E14: =778000-108000+30000 -> 700000 | F14: =C14*E14 -> 700000
A15: 521213 | B15: Belanja Honor Output Kegiatan | F15: =SUM(F16:F19) -> 7750000 | G15: =F15 -> 7750000
B16: - 01 Honorarium Penanggung Jawab Panitia Seminar/Rakor/Sosialisai/Diseminasi/FGD | C16: 1 | D16: OK | E16: 450000 | F16: =C16*E16 -> 450000
B17: - 02 Honorarium Ketua/Wakil ketua Panitia Seminar/Rakor/Sosialisai/Diseminasi/FGD | C17: 1 | D17: OK | E17: 400000 | F17: =C17*E17 -> 400000
B18: - 03 Honorarium Sekretaris Panitia Seminar/Rakor/Sosialisai/Diseminasi/FGD | C18: 1 | D18: OK | E18: 300000 | F18: =C18*E18 -> 300000
B19: - 04 Honorarium Anggota Panitia Seminar/Rakor/Sosialisai/Diseminasi/FGD | C19: 22 | D19: OK | E19: 300000 | F19: =C19*E19 -> 6600000
A20: 522151 | B20: Belanja Jasa Profesi | F20: =SUM(F21:F22) -> 12800000 | G20: =F20 -> 12800000
B21: - 01 Honorarium Narasumber (Pejabat Eselon II) [4 ORG x 3 JAM x 5 KEG] | C21: 10 | D21: OJ | E21: 1000000 | F21: =C21*E21 -> 10000000
B22: - 02 Honorarium Moderator [3 ORG x 5 KEG] | C22: 4 | D22: ORKAL | E22: 700000 | F22: =C22*E22 -> 2800000
A23: 524113 | B23: Belanja Perjalanan Dinas Dalam Kota | F23: =SUM(F24:F25) -> 22800000 | H23: =F23 -> 22800000
B24: - 01 Uang Harian Perjalanan Dinas Dalam Kota Lebih dari 8 Jam (D.K.I. Jakarta) [5 ORG x 12 TIM x 1 HR x 8 PTS x 2 x KL] | C24: 60 | D24: OH | E24: 210000 | F24: =C24*E24 -> 12600000
B25: - 02 Uang Transport Kegiatan Dalam Kabupaten/Kota Pergi Pulang (PP) [5 ORG x 12 TIM x 1 HR x 8 PTS x 2 x KL] | C25: 60 | D25: OK | E25: 170000 | F25: =C25*E25 -> 10200000
A26: 052 | B26: Workshop/Sosialisasi/Bimbingan Teknis Peningkatan Mutu Perguruan Tinggi | F26: =F27+F49+F71+F93 -> 2355010000
A27: A | B27: Pembelajaran dan Prestasi Mahasiswa | F27: =F28+F32+F37+F41+F45 -> 622508000
A28: 521211 | B28: Belanja Bahan | F28: =SUM(F29:F31) -> 143060000 | G28: =F28 -> 143060000
B29: - 01 Makan Rapat Biasa D.K.I. JAKARTA [110 ORG x 2 HR x 2 KL x 4 KEG ] | C29: 1760 | D29: OK | E29: 57000 | F29: =C29*E29 -> 100320000
B30: - 02 Snack Rapat Biasa D.K.I. JAKARTA[110 ORG x 2 HR x 2 KL x 4 KEG ] | C30: 1760 | D30: OK | E30: 24000 | F30: =C30*E30 -> 42240000
B31: - 03 Bahan Habis Pakai | C31: 1 | D31: KEG | E31: 500000 | F31: =C31*E31 -> 500000
A32: 521213 | B32: Belanja Honor Output Kegiatan | F32: =SUM(F33:F36) -> 15400000 | G32: =F32 -> 15400000
B33: - 01 Honorarium Penanggung Jawab Panitia Seminar/Rakor/Sosialisai/Diseminasi/FGD | C33: 4 | D33: OK | E33: 450000 | F33: =C33*E33 -> 1800000
B34: - 02 Honorarium Ketua/Wakil ketua Panitia Seminar/Rakor/Sosialisai/Diseminasi/FGD | C34: 4 | D34: OK | E34: 400000 | F34: =C34*E34 -> 1600000
B35: - 03 Honorarium Sekretaris Panitia Seminar/Rakor/Sosialisai/Diseminasi/FGD | C35: 4 | D35: OK | E35: 300000 | F35: =C35*E35 -> 1200000
B36: - 04 Honorarium Anggota Panitia Seminar/Rakor/Sosialisai/Diseminasi/FGD | C36: 36 | D36: OK | E36: 300000 | F36: =C36*E36 -> 10800000
A37: 522151 | B37: Belanja Jasa Profesi | F37: =SUM(F38:F40) -> 148000000 | G37: =F37 -> 148000000
B38: - 01 Honorarium Narasumber (Pejabat Eselon II) [3 ORG x 3 JAM x 2 HR x 4 KEG] | C38: 72 | D38: OJ | E38: 1000000 | F38: =C38*E38 -> 72000000
B39: - 01 Honorarium Narasumber (Pejabat Eselon III) [3 ORG x 3 JAM x 2 HR x 4 KEG] | C39: 72 | D39: OJ | E39: 900000 | F39: =C39*E39 -> 64800000
B40: - 02 Honorarium Moderator [2 ORG x 2 KL x 4 KEG] | C40: 16 | D40: ORKAL | E40: 700000 | F40: =C40*E40 -> 11200000
A41: 524111 | B41: Belanja Perjalanan Dinas Biasa | F41: =SUM(F42:F44) -> 190368000 | H41: =F41 -> 190368000
B42: - 01 Uang Harian Perjalanan Dinas Luar Kota (Jawa Barat) [24 ORG x 3 HR x 4 KEG] | C42: 288 | D42: OH | E42: 430000 | F42: =C42*E42 -> 123840000
B43: - 02 Satuan biaya transportasi jakarta ke kota bekasi [24 ORG x 2 KL x 4 KEG] | C43: 192 | D43: OK | E43: 284000 | F43: =C43*E43 -> 54528000
B44: - 03 Biaya Penginapan Luar Kota [4 ORG x 2 KL x 4 KEG] | C44: 32 | D44: OK | E44: 375000 | F44: =C44*E44 -> 12000000
A45: 524113 | B45: Belanja Perjalanan Dinas Dalam Kota | F45: =SUM(F46:F48) -> 125680000 | H45: =F45 -> 125680000
B46: - 01 Uang Harian Perjalanan Dinas Dalam Kota Lebih dari 8 Jam (D.K.I. Jakarta)[25 ORG x 3 HR x 4 KEG] | C46: 300 | D46: OH | E46: 210000 | F46: =C46*E46 -> 63000000
B47: - 02 Uang Transport Kegiatan Dalam Kabupaten/Kota Pergi Pulang (PP) [25 ORG x 3 HR x 4 KEG] | C47: 300 | D47: OK | E47: 170000 | F47: =C47*E47 -> 51000000
B48: - 03 Biaya Penginapan Dalam Kota [2 ORG x 2 KL x 4 KEG] | C48: 16 | D48: OK | E48: 730000 | F48: =C48*E48 -> 11680000
A49: B | B49: Peningkatan Kinerja Dosen | F49: =F50+F54+F59+F63+F67 -> 622508000
A50: 521211 | B50: Belanja Bahan | F50: =SUM(F51:F53) -> 143060000 | G50: =F50 -> 143060000
B51: - 01 Makan Rapat Biasa D.K.I. JAKARTA [110 ORG x 2 HR x 2 KL x 4 KEG ] | C51: 1760 | D51: OK | E51: 57000 | F51: =C51*E51 -> 100320000
B52: - 02 Snack Rapat Biasa D.K.I. JAKARTA[110 ORG x 2 HR x 2 KL x 4 KEG ] | C52: 1760 | D52: OK | E52: 24000 | F52: =C52*E52 -> 42240000
B53: - 03 Bahan Habis Pakai | C53: 1 | D53: KEG | E53: 500000 | F53: =C53*E53 -> 500000
A54: 521213 | B54: Belanja Honor Output Kegiatan | F54: =SUM(F55:F58) -> 15400000 | G54: =F54 -> 15400000
B55: - 01 Honorarium Penanggung Jawab Panitia Seminar/Rakor/Sosialisai/Diseminasi/FGD | C55: 4 | D55: OK | E55: 450000 | F55: =C55*E55 -> 1800000
B56: - 02 Honorarium Ketua/Wakil ketua Panitia Seminar/Rakor/Sosialisai/Diseminasi/FGD | C56: 4 | D56: OK | E56: 400000 | F56: =C56*E56 -> 1600000
B57: - 03 Honorarium Sekretaris Panitia Seminar/Rakor/Sosialisai/Diseminasi/FGD | C57: 4 | D57: OK | E57: 300000 | F57: =C57*E57 -> 1200000
B58: - 04 Honorarium Anggota Panitia Seminar/Rakor/Sosialisai/Diseminasi/FGD | C58: 36 | D58: OK | E58: 300000 | F58: =C58*E58 -> 10800000
A59: 522151 | B59: Belanja Jasa Profesi | F59: =SUM(F60:F62) -> 148000000 | G59: =F59 -> 148000000
B60: - 01 Honorarium Narasumber (Pejabat Eselon II) [3 ORG x 3 JAM x 2 HR x 4 KEG] | C60: 72 | D60: OJ | E60: 1000000 | F60: =C60*E60 -> 72000000
B61: - 01 Honorarium Narasumber (Pejabat Eselon III) [3 ORG x 3 JAM x 2 HR x 4 KEG] | C61: 72 | D61: OJ | E61: 900000 | F61: =C61*E61 -> 64800000
B62: - 02 Honorarium Moderator [2 ORG x 2 KL x 4 KEG] | C62: 16 | D62: ORKAL | E62: 700000 | F62: =C62*E62 -> 11200000
A63: 524111 | B63: Belanja Perjalanan Dinas Biasa | F63: =SUM(F64:F66) -> 190368000 | H63: =F63 -> 190368000
B64: - 01 Uang Harian Perjalanan Dinas Luar Kota (Jawa Barat) [24 ORG x 3 HR x 4 KEG] | C64: 288 | D64: OH | E64: 430000 | F64: =C64*E64 -> 123840000
B65: - 02 Satuan biaya transportasi jakarta ke kota bekasi [24 ORG x 2 KL x 4 KEG] | C65: 192 | D65: OK | E65: 284000 | F65: =C65*E65 -> 54528000
B66: - 03 Biaya Penginapan Luar Kota [4 ORG x 2 KL x 4 KEG] | C66: 32 | D66: OK | E66: 375000 | F66: =C66*E66 -> 12000000
A67: 524113 | B67: Belanja Perjalanan Dinas Dalam Kota | F67: =SUM(F68:F70) -> 125680000 | H67: =F67 -> 125680000
B68: - 01 Uang Harian Perjalanan Dinas Dalam Kota Lebih dari 8 Jam (D.K.I. Jakarta)[25 ORG x 3 HR x 4 KEG] | C68: 300 | D68: OH | E68: 210000 | F68: =C68*E68 -> 63000000
B69: - 02 Uang Transport Kegiatan Dalam Kabupaten/Kota Pergi Pulang (PP) [25 ORG x 3 HR x 4 KEG] | C69: 300 | D69: OK | E69: 170000 | F69: =C69*E69 -> 51000000
B70: - 03 Biaya Penginapan Dalam Kota [2 ORG x 2 KL x 4 KEG] | C70: 16 | D70: OK | E70: 730000 | F70: =C70*E70 -> 11680000
A71: C | B71: Inovasi Dalam Rangka Meningkatkan Mutu Riset dan Pengabdian Masyarakat | F71: =F72+F76+F81+F85+F89 -> 487486000
A72: 521211 | B72: Belanja Bahan | F72: =SUM(F73:F75) -> 52032000 | G72: =F72 -> 52032000
B73: - 01 Makan Rapat Biasa D.K.I. JAKARTA [110 ORG x 2 HR x 2 KL x 4 KEG ] | C73: 620 | D73: OK | E73: 57000 | F73: =C73*E73 -> 35340000
B74: - 02 Snack Rapat Biasa D.K.I. JAKARTA[110 ORG x 2 HR x 2 KL x 4 KEG ] | C74: 620 | D74: OK | E74: 24000 | F74: =C74*E74 -> 14880000
B75: - 03 Bahan Habis Pakai | C75: 1 | D75: KEG | E75: 1812000 | F75: =C75*E75 -> 1812000
A76: 521213 | B76: Belanja Honor Output Kegiatan | F76: =SUM(F77:F80) -> 15400000 | G76: =F76 -> 15400000
B77: - 01 Honorarium Penanggung Jawab Panitia Seminar/Rakor/Sosialisai/Diseminasi/FGD | C77: 4 | D77: OK | E77: 450000 | F77: =C77*E77 -> 1800000
B78: - 02 Honorarium Ketua/Wakil ketua Panitia Seminar/Rakor/Sosialisai/Diseminasi/FGD | C78: 4 | D78: OK | E78: 400000 | F78: =C78*E78 -> 1600000
B79: - 03 Honorarium Sekretaris Panitia Seminar/Rakor/Sosialisai/Diseminasi/FGD | C79: 4 | D79: OK | E79: 300000 | F79: =C79*E79 -> 1200000
B80: - 04 Honorarium Anggota Panitia Seminar/Rakor/Sosialisai/Diseminasi/FGD | C80: 36 | D80: OK | E80: 300000 | F80: =C80*E80 -> 10800000
A81: 522151 | B81: Belanja Jasa Profesi | F81: =SUM(F82:F84) -> 134700000 | G81: =F81 -> 134700000
B82: - 01 Honorarium Narasumber (Pejabat Eselon II) [3 ORG x 3 JAM x 2 HR x 4 KEG] | C82: 65 | D82: OJ | E82: 1000000 | F82: =C82*E82 -> 65000000
B83: - 01 Honorarium Narasumber (Pejabat Eselon III) [3 ORG x 3 JAM x 2 HR x 4 KEG] | C83: 65 | D83: OJ | E83: 900000 | F83: =C83*E83 -> 58500000
B84: - 02 Honorarium Moderator [2 ORG x 2 KL x 4 KEG] | C84: 16 | D84: ORKAL | E84: 700000 | F84: =C84*E84 -> 11200000
A85: 524111 | B85: Belanja Perjalanan Dinas Biasa | F85: =SUM(F86:F88) -> 159674000 | H85: =F85 -> 159674000
B86: - 01 Uang Harian Perjalanan Dinas Luar Kota (Jawa Barat) [24 ORG x 3 HR x 4 KEG] | C86: 247 | D86: OH | E86: 430000 | F86: =C86*E86 -> 106210000
B87: - 02 Satuan biaya transportasi jakarta ke kota bekasi [24 ORG x 2 KL x 4 KEG] | C87: 146 | D87: OK | E87: 284000 | F87: =C87*E87 -> 41464000
B88: - 03 Biaya Penginapan Luar Kota [4 ORG x 2 KL x 4 KEG] | C88: 32 | D88: OK | E88: 375000 | F88: =C88*E88 -> 12000000
A89: 524113 | B89: Belanja Perjalanan Dinas Dalam Kota | F89: =SUM(F90:F92) -> 125680000 | H89: =F89 -> 125680000
B90: - 01 Uang Harian Perjalanan Dinas Dalam Kota Lebih dari 8 Jam (D.K.I. Jakarta)[25 ORG x 3 HR x 4 KEG] | C90: 300 | D90: OH | E90: 210000 | F90: =C90*E90 -> 63000000
B91: - 02 Uang Transport Kegiatan Dalam Kabupaten/Kota Pergi Pulang (PP) [25 ORG x 3 HR x 4 KEG] | C91: 300 | D91: OK | E91: 170000 | F91: =C91*E91 -> 51000000
B92: - 03 Biaya Penginapan Dalam Kota [2 ORG x 2 KL x 4 KEG] | C92: 16 | D92: OK | E92: 730000 | F92: =C92*E92 -> 11680000
A93: D | B93: Peningkatan Mutu Perguruan Tinggi | F93: =F94+F98+F103+F107+F111 -> 622508000
A94: 521211 | B94: Belanja Bahan | F94: =SUM(F95:F97) -> 143060000 | G94: =F94 -> 143060000
B95: - 01 Makan Rapat Biasa D.K.I. JAKARTA [110 ORG x 2 HR x 2 KL x 4 KEG ] | C95: 1760 | D95: OK | E95: 57000 | F95: =C95*E95 -> 100320000
B96: - 02 Snack Rapat Biasa D.K.I. JAKARTA[110 ORG x 2 HR x 2 KL x 4 KEG ] | C96: 1760 | D96: OK | E96: 24000 | F96: =C96*E96 -> 42240000
B97: - 03 Bahan Habis Pakai | C97: 1 | D97: KEG | E97: 500000 | F97: =C97*E97 -> 500000
A98: 521213 | B98: Belanja Honor Output Kegiatan | F98: =SUM(F99:F102) -> 15400000 | G98: =F98 -> 15400000
B99: - 01 Honorarium Penanggung Jawab Panitia Seminar/Rakor/Sosialisai/Diseminasi/FGD | C99: 4 | D99: OK | E99: 450000 | F99: =C99*E99 -> 1800000
B100: - 02 Honorarium Ketua/Wakil ketua Panitia Seminar/Rakor/Sosialisai/Diseminasi/FGD | C100: 4 | D100: OK | E100: 400000 | F100: =C100*E100 -> 1600000
B101: - 03 Honorarium Sekretaris Panitia Seminar/Rakor/Sosialisai/Diseminasi/FGD | C101: 4 | D101: OK | E101: 300000 | F101: =C101*E101 -> 1200000
...

Sheet RAB Semula Menjadi
C1: SEMULA | G1: Non Perjadin | H1: Perjadin | I1: Selisih Per Sub Komponen | J1: MENJADI | N1: Non Perjadin | O1: Perjadin | P1: Selisih Non Perjadin | Q1: Selisih Perjadin | R1: Total Selisih
A2: LEMBAGA LAYANAN PENDIDIKAN TINGGI WILAYAH III | F2: =F5+F320 -> 535833886000 | G2: =SUM(G5:G547) -> 3043307000 | H2: =SUM(H5:H547) -> 3567418000 | I2: =SUM(I5:I547) -> 2236889000 | M2: =M5+M320 -> 533596997000 | N2: =SUM(N5:N547) -> 2235622000 | O2: =SUM(O5:O547) -> 2619862000 | P2: =G2-N2 -> 807685000 | Q2: =H2-O2 -> 947556000 | R2: =P2+Q2 -> 1755241000
A3: KODE | B3: DESKRIPSI | C3: Volume | D3: SATUAN | E3: Harga Satuan | F3: Jumlah Biaya | G3: =G2/(G2+H2) -> 0.46035904 | H3: =H2/(G2+H2) -> 0.53964096 | J3: Volume | K3: SATUAN | L3: Harga Satuan | M3: Jumlah Biaya | N3: =N2/(N2+O2) -> 0.46043237 | O3: =O2/(N2+O2) -> 0.53956763 | P3: Selisih Pagu
P4: =F2-M2 -> 2236889000
A5: 139.03.DK | B5: Program Pendidikan Tinggi | F5: =F6 -> 414468798000 | M5: =M6 -> 412713557000
A6: 7733 | B6: Pembinaan Kelembagaan Pendidikan Tinggi | F6: =F277+F7 -> 414468798000 | M6: =M277+M7 -> 412713557000 | N6: =M7-4855484000 -> 0
A7: 7733.BDB | B7: Fasilitasi dan Pembinaan Lembaga[Base Line] | F7: =F8+F232 -> 6610725000 | M7: =M8+M232 -> 4855484000
A8: 7733.BDB.001 | B8: Lembaga Pendidikan Tinggi Akademik dan Vokasi yang mendapatkan layanan pembinaan peningkatan mutu | C8: 245 | D8: Lembaga | F8: =F9+F34+F123+F168 -> 6175115000 | J8: 245 | K8: Lembaga | M8: =M9+M34+M123+M168 -> 4594964000
A9: 051 | B9: Pembinaan dan Evaluasi Lapangan Pengendalian Perguruan Tinggi | F9: =F10 -> 623222000 | M9: =M10 -> 52150000
A10: A | B10: Monitoring, Evaluasi, dan Penataan Legalitas PTS | F10: =F11+F15+F20+F23+F31 -> 623222000 | I10: =F10-M10 -> 571072000 | M10: =M11+M15+M20+M23+M31 -> 52150000
A11: 521211 | B11: Belanja Bahan | F11: =SUM(F12:F14) -> 61450000 | G11: =F11 -> 61450000 | M11: =SUM(M12:M14) -> 8800000 | N11: =M11 -> 8800000
B12: - 01 Makan Rapat Biasa D.K.I. JAKARTA [150 ORG x 5KL] | C12: 750 | D12: OK | E12: 57000 | F12: =C12*E12 -> 42750000 | J12: 100 | K12: OK | L12: 57000 | M12: =J12*L12 -> 5700000
B13: - 02 Snack Rapat Biasa D.K.I. JAKARTA [150 ORG x 5 KL] | C13: 750 | D13: OK | E13: 24000 | F13: =C13*E13 -> 18000000 | J13: 100 | K13: OK | L13: 24000 | M13: =J13*L13 -> 2400000
B14: - 03 Bahan Habis Pakai | C14: 1 | D14: KEG | E14: =778000-108000+30000 -> 700000 | F14: =C14*E14 -> 700000 | J14: 1 | K14: KEG | L14: =778000-108000+30000 -> 700000 | M14: =J14*L14 -> 700000
A15: 521213 | B15: Belanja Honor Output Kegiatan | F15: =SUM(F16:F19) -> 7750000 | G15: =F15 -> 7750000 | M15: =SUM(M16:M19) -> 7750000 | N15: =M15 -> 7750000
B16: - 01 Honorarium Penanggung Jawab Panitia Seminar/Rakor/Sosialisai/Diseminasi/FGD | C16: 1 | D16: OK | E16: 450000 | F16: =C16*E16 -> 450000 | J16: 1 | K16: OK | L16: 450000 | M16: =J16*L16 -> 450000
B17: - 02 Honorarium Ketua/Wakil ketua Panitia Seminar/Rakor/Sosialisai/Diseminasi/FGD | C17: 1 | D17: OK | E17: 400000 | F17: =C17*E17 -> 400000 | J17: 1 | K17: OK | L17: 400000 | M17: =J17*L17 -> 400000
B18: - 03 Honorarium Sekretaris Panitia Seminar/Rakor/Sosialisai/Diseminasi/FGD | C18: 1 | D18: OK | E18: 300000 | F18: =C18*E18 -> 300000 | J18: 1 | K18: OK | L18: 300000 | M18: =J18*L18 -> 300000
B19: - 04 Honorarium Anggota Panitia Seminar/Rakor/Sosialisai/Diseminasi/FGD | C19: 22 | D19: OK | E19: 300000 | F19: =C19*E19 -> 6600000 | J19: 22 | K19: OK | L19: 300000 | M19: =J19*L19 -> 6600000
A20: 522151 | B20: Belanja Jasa Profesi | F20: =SUM(F21:F22) -> 70500000 | G20: =F20 -> 70500000 | M20: =SUM(M21:M22) -> 12800000 | N20: =M20 -> 12800000
B21: - 01 Honorarium Narasumber (Pejabat Eselon II) [4 ORG x 3 JAM x 5 KEG] | C21: 60 | D21: OJ | E21: 1000000 | F21: =C21*E21 -> 60000000 | J21: 10 | K21: OJ | L21: 1000000 | M21: =J21*L21 -> 10000000
B22: - 02 Honorarium Moderator [3 ORG x 5 KEG] | C22: 15 | D22: ORKAL | E22: 700000 | F22: =C22*E22 -> 10500000 | J22: 4 | K22: ORKAL | L22: 700000 | M22: =J22*L22 -> 2800000
A23: 524111 | B23: Belanja Perjalanan Dinas Biasa | F23: =SUM(F24:F30) -> 118722000 | H23: =F23 -> 118722000 | M23: =SUM(M24:M30) -> 0 | O23: =M23 -> 0
B24: - 01 Uang Harian Perjalanan Dinas Luar Kota (Jawa Barat) [8 ORG x 1 TIM x 1 HARI x 6 PT] | C24: 48 | D24: OH | E24: 430000 | F24: =C24*E24 -> 20640000 | J24: 0 | K24: OH | L24: 430000 | M24: =J24*L24 -> 0
B25: - 02 Satuan biaya transportasi jakarta ke kota bekasi [8 ORG x 1 TIM x 2 KL x 6 PT] | C25: 96 | D25: OK | E25: 284000 | F25: =C25*E25 -> 27264000 | J25: 0 | K25: OK | L25: 284000 | M25: =J25*L25 -> 0
B26: - 04 Satuan Biaya Tiket Pesawat Perjalanan Dinas Dalam Negeri (PP) Ekonomi JAKARTA - SEMARANG | C26: 8 | D26: OK | E26: 2182000 | F26: =C26*E26 -> 17456000 | J26: 0 | K26: OK | L26: 2182000 | M26: =J26*L26 -> 0
B27: - 07 Biaya Penginapan Perjalanan Dinas Pejabat Eselon III/Golongan IV (JAWA TENGAH) [8 ORG x 2 KL x 2 HR] | C27: 32 | D27: OH | E27: 1201000 | F27: =C27*E27 -> 38432000 | J27: 0 | K27: OH | L27: 1201000 | M27: =J27*L27 -> 0
B28: - 10 Uang Harian Perjalanan Dinas Luar Kota (Jawa Tengah) [5 ORG x 3 HR] | C28: 15 | D28: OH | E28: 370000 | F28: =C28*E28 -> 5550000 | J28: 0 | K28: OH | L28: 370000 | M28: =J28*L28 -> 0
B29: - 12 Biaya Taksi Perjalanan Dinas (D.K.I. Jakarta) [5 ORG x 2 KL x 3 KEG] | C29: 30 | D29: OK | E29: 274000 | F29: =C29*E29 -> 8220000 | J29: 0 | K29: OK | L29: 274000 | M29: =J29*L29 -> 0
B30: - 14 Biaya Taksi Perjalanan Dinas (Jawa Tengah) [5 ORG x 2 KL] | C30: 10 | D30: OK | E30: 116000 | F30: =C30*E30 -> 1160000 | J30: 0 | K30: OK | L30: 116000 | M30: =J30*L30 -> 0
A31: 524113 | B31: Belanja Perjalanan Dinas Dalam Kota | F31: =SUM(F32:F33) -> 364800000 | H31: =F31 -> 364800000 | M31: =SUM(M32:M33) -> 22800000 | O31: =M31 -> 22800000
B32: - 01 Uang Harian Perjalanan Dinas Dalam Kota Lebih dari 8 Jam (D.K.I. Jakarta) [5 ORG x 12 TIM x 1 HR x 8 PTS x 2 x KL] | C32: 960 | D32: OH | E32: 210000 | F32: =C32*E32 -> 201600000 | J32: 60 | K32: OH | L32: 210000 | M32: =J32*L32 -> 12600000
B33: - 02 Uang Transport Kegiatan Dalam Kabupaten/Kota Pergi Pulang (PP) [5 ORG x 12 TIM x 1 HR x 8 PTS x 2 x KL] | C33: 960 | D33: OK | E33: 170000 | F33: =C33*E33 -> 163200000 | J33: 60 | K33: OK | L33: 170000 | M33: =J33*L33 -> 10200000
A34: 052 | B34: Workshop/Sosialisasi/Bimbingan Teknis Peningkatan Mutu Perguruan Tinggi | F34: =F35+F57+F79+F101 -> 2490032000 | M34: =M35+M57+M79+M101 -> 2355010000
A35: A | B35: Pembelajaran dan Prestasi Mahasiswa | F35: =F36+F40+F45+F49+F53 -> 622508000 | I35: =F35-M35 -> 0 | M35: =M36+M40+M45+M49+M53 -> 622508000
A36: 521211 | B36: Belanja Bahan | F36: =SUM(F37:F39) -> 143060000 | G36: =F36 -> 143060000 | M36: =SUM(M37:M39) -> 143060000 | N36: =M36 -> 143060000
B37: - 01 Makan Rapat Biasa D.K.I. JAKARTA [110 ORG x 2 HR x 2 KL x 4 KEG ] | C37: 1760 | D37: OK | E37: 57000 | F37: =C37*E37 -> 100320000 | J37: 1760 | K37: OK | L37: 57000 | M37: =J37*L37 -> 100320000
B38: - 02 Snack Rapat Biasa D.K.I. JAKARTA[110 ORG x 2 HR x 2 KL x 4 KEG ] | C38: 1760 | D38: OK | E38: 24000 | F38: =C38*E38 -> 42240000 | J38: 1760 | K38: OK | L38: 24000 | M38: =J38*L38 -> 42240000
B39: - 03 Bahan Habis Pakai | C39: 1 | D39: KEG | E39: 500000 | F39: =C39*E39 -> 500000 | J39: 1 | K39: KEG | L39: 500000 | M39: =J39*L39 -> 500000
A40: 521213 | B40: Belanja Honor Output Kegiatan | F40: =SUM(F41:F44) -> 15400000 | G40: =F40 -> 15400000 | M40: =SUM(M41:M44) -> 15400000 | N40: =M40 -> 15400000
B41: - 01 Honorarium Penanggung Jawab Panitia Seminar/Rakor/Sosialisai/Diseminasi/FGD | C41: 4 | D41: OK | E41: 450000 | F41: =C41*E41 -> 1800000 | J41: 4 | K41: OK | L41: 450000 | M41: =J41*L41 -> 1800000
B42: - 02 Honorarium Ketua/Wakil ketua Panitia Seminar/Rakor/Sosialisai/Diseminasi/FGD | C42: 4 | D42: OK | E42: 400000 | F42: =C42*E42 -> 1600000 | J42: 4 | K42: OK | L42: 400000 | M42: =J42*L42 -> 1600000
B43: - 03 Honorarium Sekretaris Panitia Seminar/Rakor/Sosialisai/Diseminasi/FGD | C43: 4 | D43: OK | E43: 300000 | F43: =C43*E43 -> 1200000 | J43: 4 | K43: OK | L43: 300000 | M43: =J43*L43 -> 1200000
B44: - 04 Honorarium Anggota Panitia Seminar/Rakor/Sosialisai/Diseminasi/FGD | C44: 36 | D44: OK | E44: 300000 | F44: =C44*E44 -> 10800000 | J44: 36 | K44: OK | L44: 300000 | M44: =J44*L44 -> 10800000
A45: 522151 | B45: Belanja Jasa Profesi | F45: =SUM(F46:F48) -> 148000000 | G45: =F45 -> 148000000 | M45: =SUM(M46:M48) -> 148000000 | N45: =M45 -> 148000000
B46: - 01 Honorarium Narasumber (Pejabat Eselon II) [3 ORG x 3 JAM x 2 HR x 4 KEG] | C46: 72 | D46: OJ | E46: 1000000 | F46: =C46*E46 -> 72000000 | J46: 72 | K46: OJ | L46: 1000000 | M46: =J46*L46 -> 72000000
B47: - 01 Honorarium Narasumber (Pejabat Eselon III) [3 ORG x 3 JAM x 2 HR x 4 KEG] | C47: 72 | D47: OJ | E47: 900000 | F47: =C47*E47 -> 64800000 | J47: 72 | K47: OJ | L47: 900000 | M47: =J47*L47 -> 64800000
B48: - 02 Honorarium Moderator [2 ORG x 2 KL x 4 KEG] | C48: 16 | D48: ORKAL | E48: 700000 | F48: =C48*E48 -> 11200000 | J48: 16 | K48: ORKAL | L48: 700000 | M48: =J48*L48 -> 11200000
A49: 524111 | B49: Belanja Perjalanan Dinas Biasa | F49: =SUM(F50:F52) -> 190368000 | H49: =F49 -> 190368000 | M49: =SUM(M50:M52) -> 190368000 | O49: =M49 -> 190368000
B50: - 01 Uang Harian Perjalanan Dinas Luar Kota (Jawa Barat) [24 ORG x 3 HR x 4 KEG] | C50: 288 | D50: OH | E50: 430000 | F50: =C50*E50 -> 123840000 | J50: 288 | K50: OH | L50: 430000 | M50: =J50*L50 -> 123840000
B51: - 02 Satuan biaya transportasi jakarta ke kota bekasi [24 ORG x 2 KL x 4 KEG] | C51: 192 | D51: OK | E51: 284000 | F51: =C51*E51 -> 54528000 | J51: 192 | K51: OK | L51: 284000 | M51: =J51*L51 -> 54528000
B52: - 03 Biaya Penginapan Luar Kota [4 ORG x 2 KL x 4 KEG] | C52: 32 | D52: OK | E52: 375000 | F52: =C52*E52 -> 12000000 | J52: 32 | K52: OK | L52: 375000 | M52: =J52*L52 -> 12000000
A53: 524113 | B53: Belanja Perjalanan Dinas Dalam Kota | F53: =SUM(F54:F56) -> 125680000 | H53: =F53 -> 125680000 | M53: =SUM(M54:M56) -> 125680000 | O53: =M53 -> 125680000
B54: - 01 Uang Harian Perjalanan Dinas Dalam Kota Lebih dari 8 Jam (D.K.I. Jakarta)[25 ORG x 3 HR x 4 KEG] | C54: 300 | D54: OH | E54: 210000 | F54: =C54*E54 -> 63000000 | J54: 300 | K54: OH | L54: 210000 | M54: =J54*L54 -> 63000000
B55: - 02 Uang Transport Kegiatan Dalam Kabupaten/Kota Pergi Pulang (PP) [25 ORG x 3 HR x 4 KEG] | C55: 300 | D55: OK | E55: 170000 | F55: =C55*E55 -> 51000000 | J55: 300 | K55: OK | L55: 170000 | M55: =J55*L55 -> 51000000
B56: - 03 Biaya Penginapan Dalam Kota [2 ORG x 2 KL x 4 KEG] | C56: 16 | D56: OK | E56: 730000 | F56: =C56*E56 -> 11680000 | J56: 16 | K56: OK | L56: 730000 | M56: =J56*L56 -> 11680000
A57: B | B57: Peningkatan Kinerja Dosen | F57: =F58+F62+F67+F71+F75 -> 622508000 | I57: =F57-M57 -> 0 | M57: =M58+M62+M67+M71+M75 -> 622508000
A58: 521211 | B58: Belanja Bahan | F58: =SUM(F59:F61) -> 143060000 | G58: =F58 -> 143060000 | M58: =SUM(M59:M61) -> 143060000 | N58: =M58 -> 143060000
B59: - 01 Makan Rapat Biasa D.K.I. JAKARTA [110 ORG x 2 HR x 2 KL x 4 KEG ] | C59: 1760 | D59: OK | E59: 57000 | F59: =C59*E59 -> 100320000 | J59: 1760 | K59: OK | L59: 57000 | M59: =J59*L59 -> 100320000
B60: - 02 Snack Rapat Biasa D.K.I. JAKARTA[110 ORG x 2 HR x 2 KL x 4 KEG ] | C60: 1760 | D60: OK | E60: 24000 | F60: =C60*E60 -> 42240000 | J60: 1760 | K60: OK | L60: 24000 | M60: =J60*L60 -> 42240000
B61: - 03 Bahan Habis Pakai | C61: 1 | D61: KEG | E61: 500000 | F61: =C61*E61 -> 500000 | J61: 1 | K61: KEG | L61: 500000 | M61: =J61*L61 -> 500000
A62: 521213 | B62: Belanja Honor Output Kegiatan | F62: =SUM(F63:F66) -> 15400000 | G62: =F62 -> 15400000 | M62: =SUM(M63:M66) -> 15400000 | N62: =M62 -> 15400000
B63: - 01 Honorarium Penanggung Jawab Panitia Seminar/Rakor/Sosialisai/Diseminasi/FGD | C63: 4 | D63: OK | E63: 450000 | F63: =C63*E63 -> 1800000 | J63: 4 | K63: OK | L63: 450000 | M63: =J63*L63 -> 1800000
B64: - 02 Honorarium Ketua/Wakil ketua Panitia Seminar/Rakor/Sosialisai/Diseminasi/FGD | C64: 4 | D64: OK | E64: 400000 | F64: =C64*E64 -> 1600000 | J64: 4 | K64: OK | L64: 400000 | M64: =J64*L64 -> 1600000
B65: - 03 Honorarium Sekretaris Panitia Seminar/Rakor/Sosialisai/Diseminasi/FGD | C65: 4 | D65: OK | E65: 300000 | F65: =C65*E65 -> 1200000 | J65: 4 | K65: OK | L65: 300000 | M65: =J65*L65 -> 1200000
B66: - 04 Honorarium Anggota Panitia Seminar/Rakor/Sosialisai/Diseminasi/FGD | C66: 36 | D66: OK | E66: 300000 | F66: =C66*E66 -> 10800000 | J66: 36 | K66: OK | L66: 300000 | M66: =J66*L66 -> 10800000
A67: 522151 | B67: Belanja Jasa Profesi | F67: =SUM(F68:F70) -> 148000000 | G67: =F67 -> 148000000 | M67: =SUM(M68:M70) -> 148000000 | N67: =M67 -> 148000000
B68: - 01 Honorarium Narasumber (Pejabat Eselon II) [3 ORG x 3 JAM x 2 HR x 4 KEG] | C68: 72 | D68: OJ | E68: 1000000 | F68: =C68*E68 -> 72000000 | J68: 72 | K68: OJ | L68: 1000000 | M68: =J68*L68 -> 72000000
B69: - 01 Honorarium Narasumber (Pejabat Eselon III) [3 ORG x 3 JAM x 2 HR x 4 KEG] | C69: 72 | D69: OJ | E69: 900000 | F69: =C69*E69 -> 64800000 | J69: 72 | K69: OJ | L69: 900000 | M69: =J69*L69 -> 64800000
B70: - 02 Honorarium Moderator [2 ORG x 2 KL x 4 KEG] | C70: 16 | D70: ORKAL | E70: 700000 | F70: =C70*E70 -> 11200000 | J70: 16 | K70: ORKAL | L70: 700000 | M70: =J70*L70 -> 11200000
A71: 524111 | B71: Belanja Perjalanan Dinas Biasa | F71: =SUM(F72:F74) -> 190368000 | H71: =F71 -> 190368000 | M71: =SUM(M72:M74) -> 190368000 | O71: =M71 -> 190368000
B72: - 01 Uang Harian Perjalanan Dinas Luar Kota (Jawa Barat) [24 ORG x 3 HR x 4 KEG] | C72: 288 | D72: OH | E72: 430000 | F72: =C72*E72 -> 123840000 | J72: 288 | K72: OH | L72: 430000 | M72: =J72*L72 -> 123840000
B73: - 02 Satuan biaya transportasi jakarta ke kota bekasi [24 ORG x 2 KL x 4 KEG] | C73: 192 | D73: OK | E73: 284000 | F73: =C73*E73 -> 54528000 | J73: 192 | K73: OK | L73: 284000 | M73: =J73*L73 -> 54528000
B74: - 03 Biaya Penginapan Luar Kota [4 ORG x 2 KL x 4 KEG] | C74: 32 | D74: OK | E74: 375000 | F74: =C74*E74 -> 12000000 | J74: 32 | K74: OK | L74: 375000 | M74: =J74*L74 -> 12000000
A75: 524113 | B75: Belanja Perjalanan Dinas Dalam Kota | F75: =SUM(F76:F78) -> 125680000 | H75: =F75 -> 125680000 | M75: =SUM(M76:M78) -> 125680000 | O75: =M75 -> 125680000
B76: - 01 Uang Harian Perjalanan Dinas Dalam Kota Lebih dari 8 Jam (D.K.I. Jakarta)[25 ORG x 3 HR x 4 KEG] | C76: 300 | D76: OH | E76: 210000 | F76: =C76*E76 -> 63000000 | J76: 300 | K76: OH | L76: 210000 | M76: =J76*L76 -> 63000000
B77: - 02 Uang Transport Kegiatan Dalam Kabupaten/Kota Pergi Pulang (PP) [25 ORG x 3 HR x 4 KEG] | C77: 300 | D77: OK | E77: 170000 | F77: =C77*E77 -> 51000000 | J77: 300 | K77: OK | L77: 170000 | M77: =J77*L77 -> 51000000
B78: - 03 Biaya Penginapan Dalam Kota [2 ORG x 2 KL x 4 KEG] | C78: 16 | D78: OK | E78: 730000 | F78: =C78*E78 -> 11680000 | J78: 16 | K78: OK | L78: 730000 | M78: =J78*L78 -> 11680000
A79: C | B79: Inovasi Dalam Rangka Meningkatkan Mutu Riset dan Pengabdian Masyarakat | F79: =F80+F84+F89+F93+F97 -> 622508000 | I79: =F79-M79 -> 135022000 | M79: =M80+M84+M89+M93+M97 -> 487486000
A80: 521211 | B80: Belanja Bahan | F80: =SUM(F81:F83) -> 143060000 | G80: =F80 -> 143060000 | M80: =SUM(M81:M83) -> 52032000 | N80: =M80 -> 52032000
B81: - 01 Makan Rapat Biasa D.K.I. JAKARTA [110 ORG x 2 HR x 2 KL x 4 KEG ] | C81: 1760 | D81: OK | E81: 57000 | F81: =C81*E81 -> 100320000 | J81: 620 | K81: OK | L81: 57000 | M81: =J81*L81 -> 35340000
B82: - 02 Snack Rapat Biasa D.K.I. JAKARTA[110 ORG x 2 HR x 2 KL x 4 KEG ] | C82: 1760 | D82: OK | E82: 24000 | F82: =C82*E82 -> 42240000 | J82: 620 | K82: OK | L82: 24000 | M82: =J82*L82 -> 14880000
B83: - 03 Bahan Habis Pakai | C83: 1 | D83: KEG | E83: 500000 | F83: =C83*E83 -> 500000 | J83: 1 | K83: KEG | L83: 1812000 | M83: =J83*L83 -> 1812000
A84: 521213 | B84: Belanja Honor Output Kegiatan | F84: =SUM(F85:F88) -> 15400000 | G84: =F84 -> 15400000 | M84: =SUM(M85:M88) -> 15400000 | N84: =M84 -> 15400000
B85: - 01 Honorarium Penanggung Jawab Panitia Seminar/Rakor/Sosialisai/Diseminasi/FGD | C85: 4 | D85: OK | E85: 450000 | F85: =C85*E85 -> 1800000 | J85: 4 | K85: OK | L85: 450000 | M85: =J85*L85 -> 1800000
B86: - 02 Honorarium Ketua/Wakil ketua Panitia Seminar/Rakor/Sosialisai/Diseminasi/FGD | C86: 4 | D86: OK | E86: 400000 | F86: =C86*E86 -> 1600000 | J86: 4 | K86: OK | L86: 400000 | M86: =J86*L86 -> 1600000
B87: - 03 Honorarium Sekretaris Panitia Seminar/Rakor/Sosialisai/Diseminasi/FGD | C87: 4 | D87: OK | E87: 300000 | F87: =C87*E87 -> 1200000 | J87: 4 | K87: OK | L87: 300000 | M87: =J87*L87 -> 1200000
B88: - 04 Honorarium Anggota Panitia Seminar/Rakor/Sosialisai/Diseminasi/FGD | C88: 36 | D88: OK | E88: 300000 | F88: =C88*E88 -> 10800000 | J88: 36 | K88: OK | L88: 300000 | M88: =J88*L88 -> 10800000
A89: 522151 | B89: Belanja Jasa Profesi | F89: =SUM(F90:F92) -> 148000000 | G89: =F89 -> 148000000 | M89: =SUM(M90:M92) -> 134700000 | N89: =M89 -> 134700000
B90: - 01 Honorarium Narasumber (Pejabat Eselon II) [3 ORG x 3 JAM x 2 HR x 4 KEG] | C90: 72 | D90: OJ | E90: 1000000 | F90: =C90*E90 -> 72000000 | J90: 65 | K90: OJ | L90: 1000000 | M90: =J90*L90 -> 65000000
B91: - 01 Honorarium Narasumber (Pejabat Eselon III) [3 ORG x 3 JAM x 2 HR x 4 KEG] | C91: 72 | D91: OJ | E91: 900000 | F91: =C91*E91 -> 64800000 | J91: 65 | K91: OJ | L91: 900000 | M91: =J91*L91 -> 58500000
B92: - 02 Honorarium Moderator [2 ORG x 2 KL x 4 KEG] | C92: 16 | D92: ORKAL | E92: 700000 | F92: =C92*E92 -> 11200000 | J92: 16 | K92: ORKAL | L92: 700000 | M92: =J92*L92 -> 11200000
A93: 524111 | B93: Belanja Perjalanan Dinas Biasa | F93: =SUM(F94:F96) -> 190368000 | H93: =F93 -> 190368000 | M93: =SUM(M94:M96) -> 159674000 | O93: =M93 -> 159674000
B94: - 01 Uang Harian Perjalanan Dinas Luar Kota (Jawa Barat) [24 ORG x 3 HR x 4 KEG] | C94: 288 | D94: OH | E94: 430000 | F94: =C94*E94 -> 123840000 | J94: 247 | K94: OH | L94: 430000 | M94: =J94*L94 -> 106210000
B95: - 02 Satuan biaya transportasi jakarta ke kota bekasi [24 ORG x 2 KL x 4 KEG] | C95: 192 | D95: OK | E95: 284000 | F95: =C95*E95 -> 54528000 | J95: 146 | K95: OK | L95: 284000 | M95: =J95*L95 -> 41464000
B96: - 03 Biaya Penginapan Luar Kota [4 ORG x 2 KL x 4 KEG] | C96: 32 | D96: OK | E96: 375000 | F96: =C96*E96 -> 12000000 | J96: 32 | K96: OK | L96: 375000 | M96: =J96*L96 -> 12000000
A97: 524113 | B97: Belanja Perjalanan Dinas Dalam Kota | F97: =SUM(F98:F100) -> 125680000 | H97: =F97 -> 125680000 | M97: =SUM(M98:M100) -> 125680000 | O97: =M97 -> 125680000
B98: - 01 Uang Harian Perjalanan Dinas Dalam Kota Lebih dari 8 Jam (D.K.I. Jakarta)[25 ORG x 3 HR x 4 KEG] | C98: 300 | D98: OH | E98: 210000 | F98: =C98*E98 -> 63000000 | J98: 300 | K98: OH | L98: 210000 | M98: =J98*L98 -> 63000000
B99: - 02 Uang Transport Kegiatan Dalam Kabupaten/Kota Pergi Pulang (PP) [25 ORG x 3 HR x 4 KEG] | C99: 300 | D99: OK | E99: 170000 | F99: =C99*E99 -> 51000000 | J99: 300 | K99: OK | L99: 170000 | M99: =J99*L99 -> 51000000
B100: - 03 Biaya Penginapan Dalam Kota [2 ORG x 2 KL x 4 KEG] | C100: 16 | D100: OK | E100: 730000 | F100: =C100*E100 -> 11680000 | J100: 16 | K100: OK | L100: 730000 | M100: =J100*L100 -> 11680000
...

Sheet Rekap
E2: Jumlah PAGU | G2: ='RAB Semula Menjadi'!M7 -> 4855484000
B4: BDB.001 | C4: 051 | D4: A | E4: Monitoring, Evaluasi, dan Penataan Legalitas PTS | F4: ='RAB Semula Menjadi'!M10 -> 52150000
C5: 052 | D5: A | E5: Pembelajaran dan Prestasi Mahasiswa | F5: ='RAB Semula Menjadi'!M35 -> 622508000
D6: B | E6: Peningkatan Kinerja Dosen | F6: ='RAB Semula Menjadi'!M57 -> 622508000
D7: C | E7: Inovasi Dalam Rangka Meningkatkan Mutu Riset dan Pengabdian Masyarakat | F7: ='RAB Semula Menjadi'!M79 -> 487486000
D8: D | E8: Peningkatan Mutu Perguruan Tinggi | F8: ='RAB Semula Menjadi'!M101 -> 622508000
C9: 053 | D9: A | E9: Fasilitasi Kerjasama Perguruan Tinggi (Dalam Negeri) | F9: ='RAB Semula Menjadi'!M124 -> 622508000
D10: B | E10: Rapat Koordinasi Perguruan Tinggi | F10: =0 -> 0
C11: 054 | D11: A | E11: Kebijakan Anti Dosa Pendidikan dan Integritas Akademik | F11: ='RAB Semula Menjadi'!M169 -> 622508000
D12: B | E12: Fasilitasi Layanan LLDikti | F12: ='RAB Semula Menjadi'!M191 -> 320280000
D13: C | E13: Peningkatan Kualitas Layanan LLDikti | F13: ='RAB Semula Menjadi'!M210 -> 622508000
B15: BDB.002 | C15: 051 | D15: A | E15: Koordinasi dan Presentasi Pendirian, Pembukaan, Perubahan, dan Penutupan PT/Prodi (100 Rekomendasi) | F15: ='RAB Semula Menjadi'!M234 -> 92602000
D16: B | E16: Pelatihan PTS yang mendapat pelayanan rekomendasi | F16: ='RAB Semula Menjadi'!M245 -> 79298000
D17: C | E17: Visitasi dan Pleno Evaluasi Rekomendasi (20 Rekomendasi) | F17: ='RAB Semula Menjadi'!M266 -> 88620000
G18: =SUM(F4:F17) -> 4855484000
E19: Selisih | G19: =G2-G18 -> 0

Sheet Indikatif 2025
C1: 2024 | G1: 2025 | H1: Tambahan 2025 | I1: setelah Tambahan 2025
A2: LEMBAGA LAYANAN PENDIDIKAN TINGGI WILAYAH III | F2: =F5+F20 -> 464156186000 | G2: =G5+G20 -> 462058409000 | H2: =H5+H20 -> 57365211425 | I2: =I5+I20 -> 519423620425
A3: KODE | B3: DESKRIPSI | C3: Volume | D3: SATUAN | E3: Harga Satuan | F3: Jumlah Biaya | G3: Jumlah Biaya | H3: Jumlah Biaya | I3: Jumlah Biaya
A5: 023.01.DK | B5: Program Pendidikan Tinggi | F5: =F6 -> 378437225000 | G5: =G6 -> 374468798000 | H5: =H6 -> 57365211425 | I5: =G5+H5 -> 431834009425
A6: 4472 | B6: Pembinaan Kelembagaan Pendidikan Tinggi | F6: =F7+F17 -> 378437225000 | G6: =G7+G17 -> 374468798000 | H6: =H7+H17 -> 57365211425 | I6: =G6+H6 -> 431834009425
A7: 4472.BDB | B7: Fasilitasi dan Pembinaan Lembaga[Base Line] | F7: =F8+F13 -> 7180935000 | G7: =G8+G13 -> 6610725000 | H7: =H8+H13 -> 1389275000 | I7: =G7+H7 -> 8000000000 | J7: =G7-I7 -> -1389275000 | K7: 8000000000 | L7: =K7-F7 -> 819065000
A8: 4472.BDB.001 | B8: Lembaga Pendidikan Tinggi Akademik dan Vokasi yang mendapatkan layanan pembinaan peningkatan mutu | F8: =F9+F10+F11+F12 -> 6630583000 | G8: =G9+G10+G11+G12 -> 6200373000 | H8: =H9+H10+H11+H12 -> 1249275000 | I8: =G8+H8 -> 7449648000 | L8: =L7-H9-H10 -> 0
A9: 051 | B9: Pembinaan dan Evaluasi Lapangan Pengendalian Perguruan Tinggi | F9: 515996000 | G9: 515996000 | H9: 400000000 | I9: =G9+H9 -> 915996000
A10: 052 | B10: Workshop/Sosialisasi/Bimbingan Teknis Peningkatan Mutu Perguruan Tinggi | F10: 3272979000 | G10: 3272979000 | H10: 419065000 | I10: =G10+H10 -> 3692044000
A11: 053 | B11: peningkatan Kerjasama Perguruan Tinggi | F11: 557785000 | G11: 557785000 | I11: =G11+H11 -> 557785000
A12: 054 | B12: Fasilitasi Layanan LLDikti | F12: 2283823000 | G12: 1853613000 | H12: 430210000 | I12: =G12+H12 -> 2283823000 | J12: =F12-G12 -> 430210000
A13: 4472.BDB.002 | B13: Lembaga Pendidikan Tinggi Akademik dan Vokasi yang mendapat layanan rekomendasi | C13: 125.0 Lembaga | D13: Lembaga | F13: =F14+F15+F16 -> 550352000 | G13: =G14+G15+G16 -> 410352000 | H13: =H14+H15+H16 -> 140000000 | I13: =G13+H13 -> 550352000
A14: 051 | B14: Evaluasi Dokumen usulan Rekomendasi | F14: 83990000 | G14: 83990000 | I14: =G14+H14 -> 83990000
A15: 052 | B15: Bimtek dan Workshop layanan rekomendasi | F15: 396698000 | G15: 256698000 | H15: 140000000 | I15: =G15+H15 -> 396698000 | J15: =F15-G15 -> 140000000
A16: 053 | B16: Visitasi dan evaluasi Lapangan | F16: 69664000 | G16: 69664000 | I16: =G16+H16 -> 69664000
A17: 4472.BEJ | B17: Bantuan Pendidikan Tinggi[Base Line] | C17: 8825.0 Orang | D17: Orang | F17: =F18 -> 371256290000 | G17: =G18 -> 367858073000 | H17: =H18 -> 55975936425 | I17: =G17+H17 -> 423834009425
A18: 4472.BEJ.001 | B18: Dosen Non PNS yang Menerima Tunjangan Profesi | C18: 8825.0 Orang | D18: Orang | F18: =F19 -> 371256290000 | G18: =G19 -> 367858073000 | H18: =H19 -> 55975936425 | I18: =G18+H18 -> 423834009425
A19: 004 | B19: Dukungan Operasional Penyelenggaraan Pendidikan | F19: 371256290000 | G19: 367858073000 | H19: 55975936425 | I19: =G19+H19 -> 423834009425 | J19: 423834009425
A20: 023.01.WA | B20: Program Dukungan Manajemen | F20: =F21 -> 85718961000 | G20: =G21 -> 87589611000 | H20: =H21 -> 0 | I20: =G20+H20 -> 87589611000 | J20: =J19-G19 -> 55975936425
A21: 6392 | B21: Pengelolaan Lembaga Layanan Penddikan Tinggi | F21: =F22 -> 85718961000 | G21: =G22+G28 -> 87589611000 | I21: =G21+H21 -> 87589611000
A22: 6392.EBA | B22: Layanan Dukungan Manajemen Internal[Base Line] | C22: 2.0 Layanan, Laporan, Dokumen, Rekomendasi, Unit | D22: Layanan,Laporan,Dokumen,Rekomendasi,Unit | F22: =F23+F25 -> 85718961000 | G22: =G23+G25 -> 87589611000 | H22: =H23+H25 -> 0 | I22: =G22+H22 -> 87589611000
A23: 6392.EBA.962 | B23: Layanan Umum | C23: 1.0 Layanan | D23: Layanan | F23: =F24 -> 464230000 | G23: =G24 -> 648519000 | H23: =H24 -> 0 | I23: =G23+H23 -> 648519000 | J23: =G23-F23 -> 184289000
A24: 051 | B24: Umum dan Rumah Tangga Satker | F24: 464230000 | G24: 648519000 | I24: =G24+H24 -> 648519000
A25: 6392.EBA.994 | B25: Layanan Perkantoran | C25: 1.0 Layanan | D25: Layanan | F25: =F26+F27 -> 85254731000 | G25: =G26+G27 -> 86941092000 | H25: =H26+H27 -> 0 | I25: =G25+H25 -> 86941092000
A26: 001 | B26: Gaji dan Tunjangan | F26: 78534731000 | G26: 80060404000 | I26: =G26+H26 -> 80060404000
A27: 002 | B27: Operasional dan Pemeliharaan Kantor | F27: 6720000000 | G27: 6880688000 | I27: 464230000
A28: 6392.EBB | B28: Layanan Sarana dan Prasarana Internal[Base Line] | C28: 1 | D28: Unit,m,Paket | F28: =F30 -> 198200000 | I28: =I30 -> 184289000
B29: Lokasi : DKI JAKARTA
A30: 6392.EBB.951 | B30: Layanan Sarana Internal | C30: 1 | D30: Unit | F30: =F31 -> 198200000 | I30: =I31 -> 184289000
A31: 051 | B31: Alat Pengolah Data dan Komunikasi | F31: =F32 -> 198200000 | I31: =I32 -> 184289000
A32: A | B32: Alat Pengolah Data dan Komunikasi | F32: =F33 -> 198200000 | I32: =I33 -> 184289000
A33: 532111 | B33: Belanja Modal Peralatan dan Mesin | F33: =SUM(F34:F34) -> 198200000 | I33: =SUM(I34:I34) -> 184289000
B34: - Pengadaan Peralatan TIK | C34: 1 | D34: PAKET | E34: 198200000 | F34: =C34*E34 -> 198200000 | H34: 184289000 | I34: 184289000

Sheet RAB Pagu Tambahan
A1: RINCIAN ANGGARAN BELANJA
A3: Kementerian/Lembaga
A4: Unit eselon II/Satker
A5: Kegiatan
A6: Sasaran Kegiatan
A7: Indikator kinerja kegiatan
A8: Klasifikasi Rincian Output
A9: Indikator KRO
A11: Volume
A12: Satuan Ukur
A13: Alokasi Dana
C16: Baru
A17: LEMBAGA LAYANAN PENDIDIKAN TINGGI WILAYAH III | F17: =F20+F185 -> 57549500425 | G17: =G20+G185 -> 57549500425
A18: KODE | B18: DESKRIPSI | C18: Volume | D18: SATUAN | E18: Harga Satuan | F18: Jumlah Biaya
A20: 023.01.DK | B20: Program Pendidikan Tinggi | F20: =F21 -> 57365211425 | G20: =G21 -> 57365211425 | H20: =F20-G20 -> 0
A21: 4472 | B21: Pembinaan Kelembagaan Pendidikan Tinggi | F21: =F22+F141 -> 57365211425 | G21: =G22+G141 -> 57365211425 | H21: =F21-G21 -> 0
A22: 4472.BDB | B22: Fasilitasi dan Pembinaan Lembaga[Base Line] | F22: =F23+F120 -> 1389275000 | G22: =G23+G120 -> 1389275000 | H22: =F22-G22 -> 0
A23: 4472.BDB.001 | B23: Lembaga Pendidikan Tinggi Akademik dan Vokasi yang mendapatkan layanan pembinaan peningkatan mutu | F23: =F24+F50+F92 -> 1249275000 | G23: =G24+G50+G92 -> 1249275000 | H23: =F23-G23 -> 0
A24: 051 | B24: Pembinaan dan Evaluasi Lapangan Pengendalian Perguruan Tinggi | F24: =F25 -> 400000000 | G24: 400000000 | H24: =F24-G24 -> 0
A25: A | B25: Monitoring, Evaluasi, dan Penataan Legalitas PTS | F25: =F26+F31+F36+F39+F47 -> 400000000
A26: 521211 | B26: Belanja Bahan | F26: =SUM(F27:F30) -> 27564000
B27: - 01 Makan Rapat Biasa D.K.I. JAKARTA [150 ORG x 2KL] | C27: 300 | D27: OK | E27: 53000 | F27: =C27*E27 -> 15900000
B28: - 02 Snack Rapat Biasa D.K.I. JAKARTA [150 ORG x 2 KL] | C28: 300 | D28: OK | E28: 24000 | F28: =C28*E28 -> 7200000
B29: - 03 Bahan Habis Pakai | C29: 1 | D29: KEG | E29: 2464000 | F29: =C29*E29 -> 2464000
B30: - 05 Spanduk dan Media Publikasi Lainnya | C30: 2 | D30: KEG | E30: 1000000 | F30: =C30*E30 -> 2000000
A31: 521213 | B31: Belanja Honor Output Kegiatan | F31: =SUM(F32:F35) -> 5300000
B32: - 01 Honorarium Penanggung Jawab Panitia Seminar/Rakor/Sosialisai/Diseminasi/FGD (1 ORG x 2 KL) | C32: 2 | D32: OK | E32: 450000 | F32: =C32*E32 -> 900000
B33: - 02 Honorarium Ketua/Wakil ketua Panitia Seminar/Rakor/Sosialisai/Diseminasi/FGD (1 ORG x 2 KL) | C33: 2 | D33: OK | E33: 400000 | F33: =C33*E33 -> 800000
B34: - 03 Honorarium Sekretaris Panitia Seminar/Rakor/Sosialisai/Diseminasi/FGD (1 ORG x2 KL) | C34: 2 | D34: OK | E34: 300000 | F34: =C34*E34 -> 600000
B35: - 04 Honorarium Anggota Panitia Seminar/Rakor/Sosialisai/Diseminasi/FGD (5 ORG x 2 KL) | C35: 10 | D35: OK | E35: 300000 | F35: =C35*E35 -> 3000000
A36: 522151 | B36: Belanja Jasa Profesi | F36: =SUM(F37:F38) -> 20800000
B37: - 01 Honorarium Narasumber (Pejabat Eselon II) [3 ORG x 3 JAM x 2 KEG] | C37: 18 | D37: OJ | E37: 1000000 | F37: =C37*E37 -> 18000000
B38: - 02 Honorarium Moderator [1 ORG x 4 KL] | C38: 4 | D38: ORKAL | E38: 700000 | F38: =C38*E38 -> 2800000
A39: 524111 | B39: Belanja Perjalanan Dinas Biasa | F39: =SUM(F40:F46) -> 270336000
B40: - 01 Uang Harian Perjalanan Dinas Luar Kota (Jawa Barat) [8 ORG x 1 TIM x 1 HARI x 20 PT] | C40: 160 | D40: OH | E40: 430000 | F40: =C40*E40 -> 68800000
B41: - 02 Satuan biaya transportasi jakarta ke kota bekasi [8 ORG x 1 TIM x 2 KL x 20 PT] | C41: 320 | D41: OK | E41: 284000 | F41: =C41*E41 -> 90880000
B42: - 04 Satuan Biaya Tiket Pesawat Perjalanan Dinas Dalam Negeri (PP) Ekonomi JAKARTA - SEMARANG | C42: 16 | D42: OK | E42: 2182000 | F42: =C42*E42 -> 34912000
B43: - 07 Biaya Penginapan Perjalanan Dinas Pejabat Eselon III/Golongan IV (JAWA TENGAH) [8 ORG x 2 KL x 2 HR] | C43: 32 | D43: OH | E43: 954000 | F43: =C43*E43 -> 30528000
B44: - 10 Uang Harian Perjalanan Dinas Luar Kota (Jawa Tengah) [16 ORG x 3 HR] | C44: 48 | D44: OH | E44: 370000 | F44: =C44*E44 -> 17760000
B45: - 12 Biaya Taksi Perjalanan Dinas (D.K.I. Jakarta) [16 ORG x 2 KL x 3 KEG] | C45: 96 | D45: OK | E45: 256000 | F45: =C45*E45 -> 24576000
B46: - 14 Biaya Taksi Perjalanan Dinas (Jawa Tengah) [16 ORG x 2 KL] | C46: 32 | D46: OK | E46: 90000 | F46: =C46*E46 -> 2880000
A47: 524113 | B47: Belanja Perjalanan Dinas Dalam Kota | F47: =SUM(F48:F49) -> 76000000
B48: - 01 Uang Harian Perjalanan Dinas Dalam Kota Lebih dari 8 Jam (D.K.I. Jakarta) [4 ORG x 5 TIM x 1 HR x 4 PT x 2 KL] | C48: 200 | D48: OH | E48: 210000 | F48: =C48*E48 -> 42000000
B49: - 02 Uang Transport Kegiatan Dalam Kabupaten/Kota Pergi Pulang (PP) [4 ORG x 5 TIM x 1 HR x 4 PT x 2 KL] | C49: 200 | D49: OK | E49: 170000 | F49: =C49*E49 -> 34000000
A50: 052 | B50: Workshop/Sosialisasi/Bimbingan Teknis Peningkatan Mutu Perguruan Tinggi | F50: =F51+F71 -> 419065000 | G50: =G51+G71 -> 419065000 | H50: =F50-G50 -> 0
A51: C | B51: Penguatan Kemandirian Merdeka Belajar Kampus Merdeka | F51: =F52+F57+F62+F65+F68 -> 200000000 | G51: 200000000 | H51: =F51-G51 -> 0
A52: 521211 | B52: Belanja Bahan | F52: =SUM(F53:F56) -> 65300000
B53: - 01 Makan Rapat Biasa D.K.I. JAKARTA [200 ORG x 2 KEG x 2 KL] | C53: 800 | D53: OK | E53: 53000 | F53: =C53*E53 -> 42400000
B54: - 02 Snack Rapat Biasa D.K.I. JAKARTA [200 ORG x 2 KEG x 2 KL] | C54: 800 | D54: OK | E54: 24000 | F54: =C54*E54 -> 19200000
B55: - 03 Bahan Habis Pakai | C55: 1 | D55: KEG | E55: 1700000 | F55: =C55*E55 -> 1700000
B56: - 04 Spanduk dan Media Publikasi Lainnya | C56: 2 | D56: KEG | E56: 1000000 | F56: =C56*E56 -> 2000000
A57: 521213 | B57: Belanja Honor Output Kegiatan | F57: =SUM(F58:F61) -> 13100000
B58: - 01 Honorarium Penanggung Jawab Panitia Seminar/Rakor/Sosialisai/Diseminasi/FGD | C58: 2 | D58: OK | E58: 450000 | F58: =C58*E58 -> 900000
B59: - 02 Honorarium Ketua/Wakil ketua Panitia Seminar/Rakor/Sosialisai/Diseminasi/FGD | C59: 2 | D59: OK | E59: 400000 | F59: =C59*E59 -> 800000
B60: - 03 Honorarium Sekretaris Panitia Seminar/Rakor/Sosialisai/Diseminasi/FGD | C60: 2 | D60: OK | E60: 300000 | F60: =C60*E60 -> 600000
B61: - 04 Honorarium Anggota Panitia Seminar/Rakor/Sosialisai/Diseminasi/FGD | C61: 36 | D61: OK | E61: 300000 | F61: =C61*E61 -> 10800000
A62: 522151 | B62: Belanja Jasa Profesi | F62: =SUM(F63:F64) -> 45600000
B63: - 01 Honorarium Narasumber (Pejabat Eselon II) [5 ORG x 4 JAM x 2 KEG] | C63: 40 | D63: OJ | E63: 1000000 | F63: =C63*E63 -> 40000000
B64: - 02 Honorarium Moderator [2 ORG x 4 KL] | C64: 8 | D64: ORKAL | E64: 700000 | F64: =C64*E64 -> 5600000
A65: 524113 | B65: Belanja Perjalanan Dinas Dalam Kota | F65: =SUM(F66:F67) -> 38000000
B66: - 01 Uang Harian Perjalanan Dinas Dalam Kota Lebih dari 8 Jam (D.K.I. Jakarta) [25 ORG x 4 KL] | C66: 100 | D66: OH | E66: 210000 | F66: =C66*E66 -> 21000000
B67: - 02 Uang Transport Kegiatan Dalam Kabupaten/Kota Pergi Pulang (PP) [25 ORG x 4 KL] | C67: 100 | D67: OK | E67: 170000 | F67: =C67*E67 -> 17000000
A68: 524114 | B68: Belanja Perjalanan Dinas Paket Meeting Dalam Kota | F68: =SUM(F69:F70) -> 38000000
B69: - 01 Uang Harian Perjalanan Dinas Dalam Kota Lebih dari 8 Jam (D.K.I. Jakarta) [25 ORG x 4 KL] | C69: 100 | D69: OH | E69: 210000 | F69: =C69*E69 -> 21000000
B70: - 02 Uang Transport Kegiatan Dalam Kabupaten/Kota Pergi Pulang (PP) [25 ORG x 4 KL] | C70: 100 | D70: OK | E70: 170000 | F70: =C70*E70 -> 17000000
A71: D | B71: Pembelajaran dan Prestasi Mahasiswa | F71: =F72+F78+F83+F86+F89 -> 219065000 | G71: 219065000 | H71: =F71-G71 -> 0
A72: 521211 | B72: Belanja Bahan | F72: =SUM(F73:F77) -> 83165000
B73: - 01 Makan Rapat Biasa D.K.I. JAKARTA [200 ORG x 2 KEG x 2 KL] | C73: 800 | D73: OK | E73: 53000 | F73: =C73*E73 -> 42400000
B74: - 02 Snack Rapat Biasa D.K.I. JAKARTA [200 ORG x 2 KEG x 2 KL] | C74: 800 | D74: OK | E74: 24000 | F74: =C74*E74 -> 19200000
B75: - 03 Seminar Kit | C75: 400 | D75: OK | E75: 35000 | F75: =C75*E75 -> 14000000
B76: - 04 Bahan Habis Pakai | C76: 1 | D76: KEG | E76: 3565000 | F76: =C76*E76 -> 3565000
B77: - 05 Spanduk dan Media Publikasi Lainnya | C77: 4 | D77: KEG | E77: 1000000 | F77: =C77*E77 -> 4000000
A78: 521213 | B78: Belanja Honor Output Kegiatan | F78: =SUM(F79:F82) -> 14300000
B79: - 01 Honorarium Penanggung Jawab Panitia Seminar/Rakor/Sosialisai/Diseminasi/FGD (1 ORG x 2 KEG) | C79: 2 | D79: OK | E79: 450000 | F79: =C79*E79 -> 900000
B80: - 02 Honorarium Ketua/Wakil ketua Panitia Seminar/Rakor/Sosialisai/Diseminasi/FGD (1 ORG x 2 KEG) | C80: 2 | D80: OK | E80: 400000 | F80: =C80*E80 -> 800000
B81: - 03 Honorarium Sekretaris Panitia Seminar/Rakor/Sosialisai/Diseminasi/FGD (1 ORG x 2 KEG) | C81: 2 | D81: OK | E81: 300000 | F81: =C81*E81 -> 600000
B82: - 04 Honorarium Anggota Panitia Seminar/Rakor/Sosialisai/Diseminasi/FGD (20 ORG x 2 KEG) | C82: 40 | D82: OK | E82: 300000 | F82: =C82*E82 -> 12000000
A83: 522151 | B83: Belanja Jasa Profesi | F83: =SUM(F84:F85) -> 45600000
B84: - 01 Honorarium Narasumber (Pejabat Eselon II) [5 ORG x 4 JAM x 2 KEG] | C84: 40 | D84: OJ | E84: 1000000 | F84: =C84*E84 -> 40000000
B85: - 02 Honorarium Moderator [2 ORG x 4 KL] | C85: 8 | D85: ORKAL | E85: 700000 | F85: =C85*E85 -> 5600000
A86: 524113 | B86: Belanja Perjalanan Dinas Dalam Kota | F86: =SUM(F87:F88) -> 38000000
B87: - 01 Uang Harian Perjalanan Dinas Dalam Kota Lebih dari 8 Jam (D.K.I. Jakarta) [25 ORG x 4 KL] | C87: 100 | D87: OH | E87: 210000 | F87: =C87*E87 -> 21000000
B88: - 02 Uang Transport Kegiatan Dalam Kabupaten/Kota Pergi Pulang (PP) [25 ORG x 4 KL] | C88: 100 | D88: OK | E88: 170000 | F88: =C88*E88 -> 17000000
A89: 524114 | B89: Belanja Perjalanan Dinas Paket Meeting Dalam Kota | F89: =SUM(F90:F91) -> 38000000
B90: - 01 Uang Harian Perjalanan Dinas Dalam Kota Lebih dari 8 Jam (D.K.I. Jakarta) [25 ORG x 4 KL] | C90: 100 | D90: OH | E90: 210000 | F90: =C90*E90 -> 21000000
B91: - 02 Uang Transport Kegiatan Dalam Kabupaten/Kota Pergi Pulang (PP) [25 ORG x 4 KL] | C91: 100 | D91: OK | E91: 170000 | F91: =C91*E91 -> 17000000
A92: 054 | B92: Fasilitasi Layanan LLDikti | F92: =F93 -> 430210000 | G92: 430210000 | H92: =F92-G92 -> 0
A93: A | B93: Fasilitasi Layanan LLDikti | F93: =F94+F100+F105+F109+F115 -> 430210000
A94: 521211 | B94: Belanja Bahan | F94: =SUM(F95:F99) -> 55225000
B95: - 01 Makan Rapat Biasa D.K.I. JAKARTA [200 ORG x 3 KEG ] | C95: 600 | D95: OK | E95: 53000 | F95: =C95*E95 -> 31800000
B96: - 02 Snack Rapat Biasa D.K.I. JAKARTA [200 ORG x 3 KEG ] | C96: 600 | D96: OK | E96: 24000 | F96: =C96*E96 -> 14400000
B97: - 04 Spanduk dan Media Publikasi Lainnya | C97: 3 | D97: KEG | E97: 1000000 | F97: =C97*E97 -> 3000000
B98: - 05 Penggandaan dan Penjilidan Laporan | C98: 3 | D98: KEG | E98: 1000000 | F98: =C98*E98 -> 3000000
B99: - 06 Bahan Habis Pakai | C99: 1 | D99: Keg | E99: 3025000 | F99: =C99*E99 -> 3025000
A100: 521213 | B100: Belanja Honor Output Kegiatan | F100: =SUM(F101:F104) -> 21450000
B101: - 01 Honorarium Penanggung Jawab Panitia Seminar/Rakor/Sosialisai/Diseminasi/FGD (1 ORG x 3 KEG) | C101: 3 | D101: OK | E101: 450000 | F101: =C101*E101 -> 1350000
B102: - 02 Honorarium Ketua/Wakil ketua Panitia Seminar/Rakor/Sosialisai/Diseminasi/FGD (1 ORG x 3 KEG) | C102: 3 | D102: OK | E102: 400000 | F102: =C102*E102 -> 1200000
B103: - 03 Honorarium Sekretaris Panitia Seminar/Rakor/Sosialisai/Diseminasi/FGD (1 ORG x 3 KEG) | C103: 3 | D103: OK | E103: 300000 | F103: =C103*E103 -> 900000
B104: - 04 Honorarium Anggota Panitia Seminar/Rakor/Sosialisai/Diseminasi/FGD (20 ORG x 3 KEG) | C104: 60 | D104: OK | E104: 300000 | F104: =C104*E104 -> 18000000
A105: 522151 | B105: Belanja Jasa Profesi | F105: =SUM(F106:F108) -> 89200000
...

Sheet 4472.BDB.001
A1: RINCIAN ANGGARAN BELANJA
A3: Kementerian/Lembaga | B3: : Kementerian Pendidikan dan Kebudayaan
A4: Unit eselon II/Satker | B4: : Lembaga Layanan Pendidikan Tinggi Wilayah III DKI Jakarta
A5: Kegiatan | B5: : Pembinaan Kelembagaan Pendidikan Tinggi
A6: Sasaran Kegiatan | B6: : Tersedianya Program Studi dan Perguruan Tinggi yang Berkualitas
A7: Indikator kinerja kegiatan | B7: : Jumlah Layanan Fasilitasi Lembaga Pendidikan Tinggi Akademik dan Vokasi
A8: Klasifikasi Rincian Output | B8: : Fasilitasi dan Pembinaan Lembaga
A9: Indikator KRO | B9: : 1. Jumlah Lembaga Pendidikan Tinggi Akademik dan Vokasi yang mendapatkan layanan pembinaan peningkatan mutu
B10: 2. Lembaga Pendidikan Tinggi Akademik dan Vokasi yang mendapat layanan rekomendasi
A11: Volume | B11: : 262
A12: Satuan Ukur | B12: : Lembaga
A13: Alokasi Dana | B13: : Rp. 6.200.373.000
A15: KODE | B15: DESKRIPSI | C15: Volume | D15: SATUAN | E15: Harga Satuan | F15: Jumlah Biaya
A17: 4472.BDB.001 | B17: Lembaga Pendidikan Tinggi Akademik dan Vokasi yang mendapatkan layanan pembinaan peningkatan mutu | F17: 6200373000
A18: 051 | B18: Pembinaan dan Evaluasi Lapangan Pengendalian Perguruan Tinggi | F18: 527592000
A19: A | B19: Monitoring, Evaluasi, dan Penataan Legalitas PTS | F19: 527592000
A20: 521211 | B20: Belanja Bahan | F20: 71420000
B21: - 01 Makan Rapat Biasa D.K.I. JAKARTA [150 ORG x 5KL] | C21: 750 | D21: OK | E21: 57000 | F21: 42750000
B22: - 02 Snack Rapat Biasa D.K.I. JAKARTA [150 ORG x 5 KL] | C22: 750 | D22: OK | E22: 24000 | F22: 18000000
B23: - 03 Bahan Habis Pakai | C23: 1 | D23: KEG | E23: 670000 | F23: 670000
B24: - 05 Spanduk dan Media Publikasi Lainnya | C24: 5 | D24: KEG | E24: 1000000 | F24: 5000000
B25: - 06 Penggandaan dan Penjilidan Laporan | C25: 5 | D25: KEG | E25: 1000000 | F25: 5000000
A26: 521213 | B26: Belanja Honor Output Kegiatan | F26: 23750000
B27: - 01 Honorarium Penanggung Jawab Panitia Seminar/Rakor/Sosialisai/Diseminasi/FGD (1 ORG x 5 KL) | C27: 5 | D27: OK | E27: 450000 | F27: 2250000
B28: - 02 Honorarium Ketua/Wakil ketua Panitia Seminar/Rakor/Sosialisai/Diseminasi/FGD (1 ORG x 5 KL) | C28: 5 | D28: OK | E28: 400000 | F28: 2000000
B29: - 03 Honorarium Sekretaris Panitia Seminar/Rakor/Sosialisai/Diseminasi/FGD (1 ORG x 5 KL) | C29: 5 | D29: OK | E29: 300000 | F29: 1500000
B30: - 04 Honorarium Anggota Panitia Seminar/Rakor/Sosialisai/Diseminasi/FGD (12 ORG x 5 KL) | C30: 60 | D30: OK | E30: 300000 | F30: 18000000
A31: 522151 | B31: Belanja Jasa Profesi | F31: 70500000
B32: - 01 Honorarium Narasumber (Pejabat Eselon II) [4 ORG x 3 JAM x 5 KEG] | C32: 60 | D32: OJ | E32: 1000000 | F32: 60000000
B33: - 02 Honorarium Moderator [3 ORG x 5 KEG] | C33: 15 | D33: ORKAL | E33: 700000 | F33: 10500000
A34: 524111 | B34: Belanja Perjalanan Dinas Biasa | F34: 118722000
B35: - 01 Uang Harian Perjalanan Dinas Luar Kota (Jawa Barat) [8 ORG x 1 TIM x 1 HARI x 6 PT] | C35: 48 | D35: OH | E35: 430000 | F35: 20640000
B36: - 02 Satuan biaya transportasi jakarta ke kota bekasi [8 ORG x 1 TIM x 2 KL x 6 PT] | C36: 96 | D36: OK | E36: 284000 | F36: 27264000
B37: - 04 Satuan Biaya Tiket Pesawat Perjalanan Dinas Dalam Negeri (PP) Ekonomi JAKARTA - SEMARANG | C37: 8 | D37: OK | E37: 2182000 | F37: 17456000
B38: - 07 Biaya Penginapan Perjalanan Dinas Pejabat Eselon III/Golongan IV (JAWA TENGAH) [8 ORG x 2 KL x 2 HR] | C38: 32 | D38: OH | E38: 1201000 | F38: 38432000
B39: - 10 Uang Harian Perjalanan Dinas Luar Kota (Jawa Tengah) [5 ORG x 3 HR] | C39: 15 | D39: OH | E39: 370000 | F39: 5550000
B40: - 12 Biaya Taksi Perjalanan Dinas (D.K.I. Jakarta) [5 ORG x 2 KL x 3 KEG] | C40: 30 | D40: OK | E40: 274000 | F40: 8220000
B41: - 14 Biaya Taksi Perjalanan Dinas (Jawa Tengah) [5 ORG x 2 KL] | C41: 10 | D41: OK | E41: 116000 | F41: 1160000
A42: 524113 | B42: Belanja Perjalanan Dinas Dalam Kota | F42: 243200000
B43: - 01 Uang Harian Perjalanan Dinas Dalam Kota Lebih dari 8 Jam (D.K.I. Jakarta) [4 ORG x 10 TIM x 1 HR x 8 PT 2 x KL] | C43: 640 | D43: OH | E43: 210000 | F43: 134400000
B44: - 02 Uang Transport Kegiatan Dalam Kabupaten/Kota Pergi Pulang (PP) [4 ORG x 10 TIM x 1 HR x 8 PT 2 x KL] | C44: 640 | D44: OK | E44: 170000 | F44: 108800000
A45: 052 | B45: Workshop/Sosialisasi/Bimbingan Teknis Peningkatan Mutu Perguruan Tinggi | F45: 3315633000
A46: A | B46: Workshop/Sosialisasi/Bimbingan Teknis Peningkatan Mutu Perguruan Tinggi | F46: 53592000
A47: 521211 | B47: Belanja Bahan | F47: 22442000
B48: - 01 Makan Rapat Biasa D.K.I. JAKARTA | C48: 250 | D48: OK | E48: 57000 | F48: 14250000
B49: - 02 Snack Rapat Biasa D.K.I. JAKARTA | C49: 250 | D49: OK | E49: 24000 | F49: 6000000
B50: - 04 Bahan Habis Pakai | C50: 1 | D50: KEG | E50: 1192000 | F50: 1192000
B51: - 05 Penggandaan dan Penjilidan Laporan | C51: 1 | D51: KEG | E51: 1000000 | F51: 1000000
A52: 521213 | B52: Belanja Honor Output Kegiatan | F52: 4150000
B53: - 01 Honorarium Penanggung Jawab Panitia Seminar/Rakor/Sosialisai/Diseminasi/FGD | C53: 1 | D53: OK | E53: 450000 | F53: 450000
B54: - 02 Honorarium Ketua/Wakil ketua Panitia Seminar/Rakor/Sosialisai/Diseminasi/FGD | C54: 1 | D54: OK | E54: 400000 | F54: 400000
B55: - 03 Honorarium Sekretaris Panitia Seminar/Rakor/Sosialisai/Diseminasi/FGD | C55: 1 | D55: OK | E55: 300000 | F55: 300000
B56: - 04 Honorarium Anggota Panitia Seminar/Rakor/Sosialisai/Diseminasi/FGD | C56: 10 | D56: OK | E56: 300000 | F56: 3000000
A57: 522151 | B57: Belanja Jasa Profesi | F57: 19400000
B58: - 01 Honorarium Narasumber (Pejabat Eselon II) [3 ORG x 3 JAM x 2 KEG] | C58: 18 | D58: OJ | E58: 1000000 | F58: 18000000
B59: - 02 Honorarium Moderator [1 ORG x 2 KL] | C59: 2 | D59: ORKAL | E59: 700000 | F59: 1400000
A60: 524113 | B60: Belanja Perjalanan Dinas Dalam Kota | F60: 7600000
B61: - 01 Uang Harian Perjalanan Dinas Dalam Kota Lebih dari 8 Jam (D.K.I. Jakarta) [10 ORG x 2 KL] | C61: 20 | D61: OH | E61: 210000 | F61: 4200000
B62: - 02 Uang Transport Kegiatan Dalam Kabupaten/Kota Pergi Pulang (PP) [10 ORG x 2 KL] | C62: 20 | D62: OK | E62: 170000 | F62: 3400000
A63: B | B63: Penilaian Angka Kredit Dosen dan Kegiatan Pendukung Karir Dosen | F63: 570668000
A64: 521211 | B64: Belanja Bahan | F64: 668000
B65: - Konsumsi/Snack/Seminar Kit/Penjlidan dan Penggandaan/Spanduk/Sertifikat | C65: 1 | D65: KEG | E65: 668000 | F65: 668000
A66: 522151 | B66: Belanja Jasa Profesi | F66: 570000000
B67: - Honorarium Tim PAK Nasional (LK) [72 ORG x 12 KEG] | C67: 1080 | D67: OJ | E67: 250000 | F67: 270000000
B68: - Honorarium Tim PAK Nasional (GB) [50 ORG x 12 KEG] | C68: 600 | D68: OJ | E68: 500000 | F68: 300000000
A69: C | B69: Penguatan Kemandirian Merdeka Belajar Kampus Merdeka | F69: 886413000
A70: 521211 | B70: Belanja Bahan | F70: 277045000
B71: - 01 Makan Rapat Biasa D.K.I. JAKARTA [200 ORG x 4 KEG x 4 KL] | C71: 3200 | D71: OK | E71: 57000 | F71: 182400000
B72: - 02 Snack Rapat Biasa D.K.I. JAKARTA [200 ORG x 4 KEG x 4 KL] | C72: 3200 | D72: OK | E72: 24000 | F72: 76800000
B73: - 04 Bahan Habis Pakai | C73: 1 | D73: KEG | E73: 5845000 | F73: 5845000
B74: - 04 Spanduk dan Media Publikasi Lainnya | C74: 4 | D74: KEG | E74: 1500000 | F74: 6000000
B75: - 05 Penggandaan dan Penjilidan Laporan | C75: 4 | D75: KEG | E75: 1500000 | F75: 6000000
A76: 521213 | B76: Belanja Honor Output Kegiatan | F76: 8300000
B77: - 01 Honorarium Penanggung Jawab Panitia Seminar/Rakor/Sosialisai/Diseminasi/FGD | C77: 2 | D77: OK | E77: 450000 | F77: 900000
B78: - 02 Honorarium Ketua/Wakil ketua Panitia Seminar/Rakor/Sosialisai/Diseminasi/FGD | C78: 2 | D78: OK | E78: 400000 | F78: 800000
B79: - 03 Honorarium Sekretaris Panitia Seminar/Rakor/Sosialisai/Diseminasi/FGD | C79: 2 | D79: OK | E79: 300000 | F79: 600000
B80: - 04 Honorarium Anggota Panitia Seminar/Rakor/Sosialisai/Diseminasi/FGD | C80: 20 | D80: OK | E80: 300000 | F80: 6000000
A81: 522151 | B81: Belanja Jasa Profesi | F81: 247000000
B82: - 01 Honorarium Narasumber (Pejabat Eselon II) [4 ORG x 3 JAM x 2 HR x10 KEG] | C82: 240 | D82: OJ | E82: 900000 | F82: 216000000
B83: - 02 Honorarium Per Proposal Reviewer (Penilaian CU, Video BI, & Naskah GK ) | C83: 160 | D83: Dok | E83: 150000 | F83: 24000000
B84: - 03 Honorarium Moderator [1 ORG x 10 KL] | C84: 10 | D84: ORKAL | E84: 700000 | F84: 7000000
A85: 524111 | B85: Belanja Perjalanan Dinas Biasa | F85: 8568000
B86: - 01 Uang Harian Perjalanan Dinas Luar Kota (Jawa Barat) [12 ORG x 1 HR] | C86: 12 | D86: OH | E86: 430000 | F86: 5160000
B87: - 02 Satuan biaya transportasi jakarta ke kota bekasi [12 ORG x 1 KL] | C87: 12 | D87: OK | E87: 284000 | F87: 3408000
A88: 524113 | B88: Belanja Perjalanan Dinas Dalam Kota | F88: 118000000
B89: - 01 Uang Harian Perjalanan Dinas Dalam Kota Lebih dari 8 Jam (D.K.I. Jakarta) [50 ORG x 2 HR x 4 KEG] | C89: 400 | D89: OH | E89: 210000 | F89: 84000000
B90: - 02 Uang Transport Kegiatan Dalam Kabupaten/Kota Pergi Pulang (PP) [50 ORG x2 HR x 4 KL] | C90: 200 | D90: OK | E90: 170000 | F90: 34000000
A91: 524114 | B91: Belanja Perjalanan Dinas Paket Meeting Dalam Kota | F91: 227500000
B92: - Biaya Perjalanan Dinas Paket Meeting Dalam Kota [250 ORG x 2 KL] | C92: 500 | D92: OK | E92: 455000 | F92: 227500000
A93: D | B93: Pembelajaran dan Prestasi Mahasiswa | F93: 328725000
A94: 521211 | B94: Belanja Bahan | F94: 106015000
B95: - 01 Makan Rapat Biasa D.K.I. JAKARTA [150 ORG x 2 KL x 4 KEG ] | C95: 1200 | D95: OK | E95: 57000 | F95: 68400000
B96: - 02 Snack Rapat Biasa D.K.I. JAKARTA [150 ORG x 2 KL x 4 KEG ] | C96: 1200 | D96: OK | E96: 24000 | F96: 28800000
B97: - 03 Bahan Habis Pakai | C97: 1 | D97: KEG | E97: 4815000 | F97: 4815000
B98: - 04 Spanduk dan Media Publikasi Lainnya | C98: 2 | D98: KEG | E98: 1000000 | F98: 2000000
B99: - 05 Penggandaan dan Penjilidan Laporan | C99: 2 | D99: KEG | E99: 1000000 | F99: 2000000
A100: 521213 | B100: Belanja Honor Output Kegiatan | F100: 4750000
B101: - 01 Honorarium Penanggung Jawab Panitia Seminar/Rakor/Sosialisai/Diseminasi/FGD | C101: 1 | D101: OK | E101: 450000 | F101: 450000
B102: - 02 Honorarium Ketua/Wakil ketua Panitia Seminar/Rakor/Sosialisai/Diseminasi/FGD | C102: 1 | D102: OK | E102: 400000 | F102: 400000
B103: - 03 Honorarium Sekretaris Panitia Seminar/Rakor/Sosialisai/Diseminasi/FGD | C103: 1 | D103: OK | E103: 300000 | F103: 300000
...

Sheet 4472.BDB.002
A1: RINCIAN ANGGARAN BELANJA
A3: Kementerian/Lembaga | B3: : Kementerian Pendidikan, Kebudayaan, Riset, dan Teknologi
A4: Unit eselon II/Satker | B4: : Lembaga Layanan Pendidikan Tinggi Wilayah III DKI Jakarta
A5: Kegiatan | B5: : Pembinaan Kelembagaan Pendidikan Tinggi
A6: Sasaran Kegiatan | B6: : Tersedianya Program Studi dan Perguruan Tinggi yang Berkualitas
A7: Indikator kinerja kegiatan | B7: : Jumlah Layanan Fasilitasi Lembaga Pendidikan Tinggi Akademik dan Vokasi
A8: Klasifikasi Rincian Output | B8: : Fasilitasi dan Pembinaan Lembaga
A9: Indikator KRO | B9: : 1. Jumlah Lembaga Pendidikan Tinggi Akademik dan Vokasi yang mendapatkan layanan pembinaan peningkatan mutu
B10: 2. Lembaga Pendidikan Tinggi Akademik dan Vokasi yang mendapat layanan rekomendasi
A11: Volume | B11: : 125
A12: Satuan Ukur | B12: : Lembaga
A13: Alokasi Dana | B13: : Rp. 410.352.000,-
A16: KODE | B16: DESKRIPSI | C16: Volume | D16: SATUAN | E16: Harga Satuan | F16: Jumlah Biaya
A18: 4472.BDB.002 | B18: Lembaga Pendidikan Tinggi Akademik dan Vokasi yang mendapat layanan rekomendasi | C18: 125.0 Lembaga | D18: Lembaga | F18: 410352000
A19: 051 | B19: Evaluasi Dokumen usulan Rekomendasi | F19: 83990000
A20: A | B20: Koordinasi dan Presentasi Pendirian, Pembukaan, Perubahan, dan Penutupan PT/Prodi (100 Rekomendasi) | F20: 83990000
A21: 521211 | B21: Belanja Bahan | F21: 15940000
B22: - 01 Makan Rapat Biasa D.K.I. JAKARTA | C22: 150 | D22: OK | E22: 57000 | F22: 8550000
B23: - 02 Snack Rapat Biasa D.K.I. JAKARTA | C23: 150 | D23: OK | E23: 24000 | F23: 3600000
B24: - 03 Bahan Habis Pakai | C24: 1 | D24: Keg | E24: 1790000 | F24: 1790000
B25: - 04 Spanduk dan Media Publikasi Lainnya | C25: 1 | D25: KEG | E25: 1000000 | F25: 1000000
B26: - 05 Penggandaan dan Penjilidan Laporan | C26: 1 | D26: KEG | E26: 1000000 | F26: 1000000
A27: 521213 | B27: Belanja Honor Output Kegiatan | F27: 4750000
B28: - 01 Honorarium Penanggung Jawab Panitia Seminar/Rakor/Sosialisai/Diseminasi/FGD | C28: 1 | D28: OK | E28: 450000 | F28: 450000
B29: - 02 Honorarium Ketua/Wakil ketua Panitia Seminar/Rakor/Sosialisai/Diseminasi/FGD | C29: 1 | D29: OK | E29: 400000 | F29: 400000
B30: - 03 Honorarium Sekretaris Panitia Seminar/Rakor/Sosialisai/Diseminasi/FGD | C30: 1 | D30: OK | E30: 300000 | F30: 300000
B31: - 04 Honorarium Anggota Panitia Seminar/Rakor/Sosialisai/Diseminasi/FGD | C31: 12 | D31: OK | E31: 300000 | F31: 3600000
A32: 522151 | B32: Belanja Jasa Profesi | F32: 34800000
B33: - 01 Honorarium Narasumber (Pejabat Eselon II) [4 ORG x 4 JAM x 2 KEG] | C33: 32 | D33: OJ | E33: 1000000 | F33: 32000000
B34: - 02 Honorarium Moderator [2 ORG x 2 KL] | C34: 4 | D34: ORKAL | E34: 700000 | F34: 2800000
A35: 524113 | B35: Belanja Perjalanan Dinas Dalam Kota | F35: 28500000
B36: - 01 Uang Harian Perjalanan Dinas Dalam Kota Lebih dari 8 Jam (D.K.I. Jakarta) [25 ORG x 3 KL] | C36: 75 | D36: OH | E36: 210000 | F36: 15750000
B37: - 02 Uang Transport Kegiatan Dalam Kabupaten/Kota Pergi Pulang (PP) [25 ORG x 3 KL] | C37: 75 | D37: OK | E37: 170000 | F37: 12750000
A38: 052 | B38: Bimtek dan Workshop layanan rekomendasi | F38: 256698000
A39: A | B39: Pelatihan PTS yang mendapat pelayanan rekomendasi | F39: 256698000
A40: 521211 | B40: Belanja Bahan | F40: 82258000
B41: - 01 Makan Rapat Biasa D.K.I. JAKARTA [60 ORG x 15 KL ] | C41: 900 | D41: OK | E41: 57000 | F41: 51300000
B42: - 02 Snack Rapat Biasa D.K.I. JAKARTA [60 ORG x 15 KL ] | C42: 900 | D42: OK | E42: 24000 | F42: 21600000
B43: - 05 Bahan Habis Pakai | C43: 1 | D43: PKT | E43: 1358000 | F43: 1358000
B44: - 03 Penggandaan dan Penjilidan Laporan | C44: 4 | D44: KEG | E44: 1000000 | F44: 4000000
B45: - 04 Spandung dan bahan publikasi lainnya | C45: 4 | D45: KEG | E45: 1000000 | F45: 4000000
A46: 521213 | B46: Belanja Honor Output Kegiatan | F46: 13150000
B47: - 01 Honorarium Penanggung Jawab Panitia Seminar/Rakor/Sosialisai/Diseminasi/FGD | C47: 1 | D47: OK | E47: 450000 | F47: 450000
B48: - 02 Honorarium Ketua/Wakil ketua Panitia Seminar/Rakor/Sosialisai/Diseminasi/FGD | C48: 1 | D48: OK | E48: 400000 | F48: 400000
B49: - 03 Honorarium Sekretaris Panitia Seminar/Rakor/Sosialisai/Diseminasi/FGD | C49: 1 | D49: OK | E49: 300000 | F49: 300000
B50: - 04 Honorarium Anggota Panitia Seminar/Rakor/Sosialisai/Diseminasi/FGD | C50: 40 | D50: OK | E50: 300000 | F50: 12000000
A51: 522151 | B51: Belanja Jasa Profesi | F51: 23600000
B52: - 01 Honorarium Narasumber (Pejabat Eselon II) [3 ORG x 3 JAM x 2 KEG] | C52: 18 | D52: OJ | E52: 1000000 | F52: 18000000
B53: - 03 Honorarium Moderator [4 ORG x 2 KL] | C53: 8 | D53: ORKAL | E53: 700000 | F53: 5600000
A54: 524111 | B54: Belanja Perjalanan Dinas Biasa | F54: 72990000
B55: - 01 Uang Harian Perjalanan Dinas Luar Kota (Jawa Barat) [5 ORG x 1 HR] | C55: 5 | D55: OH | E55: 430000 | F55: 2150000
B56: - 02 Uang Saku Fullboard [60 ORG x 3 HR] | C56: 230 | D56: OK | E56: 130000 | F56: 29900000
B57: - 03 Satuan biaya transportasi jakarta ke kota bekasi [60 ORG x 2 KL] | C57: 120 | D57: OK | E57: 284000 | F57: 34080000
B58: - 03 Biaya Penginapan Luar Kota [10 ORG x 1 HR] | C58: 10 | D58: OK | E58: 686000 | F58: 6860000
A59: 524113 | B59: Belanja Perjalanan Dinas Dalam Kota | F59: 64700000
B60: - 01 Uang Harian Perjalanan Dinas Dalam Kota Lebih dari 8 Jam (D.K.I. Jakarta) [60 ORG x 1 KL] | C60: 60 | D60: OH | E60: 210000 | F60: 12600000
B61: - 02 Uang Transport Kegiatan Dalam Kabupaten/Kota Pergi Pulang (PP) [60 ORG x 2 KL] | C61: 120 | D61: OK | E61: 170000 | F61: 20400000
B62: - 03 Uang Saku Fullday [60 ORG x 3 HR] | C62: 180 | D62: OK | E62: 95000 | F62: 17100000
B63: - 04 Biaya Penginapan Dalam Kota [20 ORG x 1 KL] | C63: 20 | D63: OK | E63: 730000 | F63: 14600000
A64: 053 | B64: Visitasi dan evaluasi Lapangan | F64: 69664000
A65: A | B65: Visitasi dan Pleno Evaluasi Rekomendasi (20 Rekomendasi) | F65: 69664000
A66: 521211 | B66: Belanja Bahan | F66: 22024000
B67: - 01 Makan Rapat Biasa D.K.I. JAKARTA [20 ORG x 10 KL ] | C67: 200 | D67: OK | E67: 57000 | F67: 11400000
B68: - 02 Snack Rapat Biasa D.K.I. JAKARTA [20 ORG x 10 KL ] | C68: 200 | D68: OK | E68: 24000 | F68: 4800000
B69: - 05 Penggandaan dan Penjilidan Laporan | C69: 1 | D69: KEG | E69: 1000000 | F69: 1000000
B70: - 06 Bahan Habis Pakai | C70: 1 | D70: PKT | E70: 4824000 | F70: 4824000
A71: 524111 | B71: Belanja Perjalanan Dinas Biasa | F71: 24840000
B72: - 01 Uang Harian Perjalanan Dinas Fullboar Luar Kota (Jawa Barat) [6 ORG x 10 HR] | C72: 60 | D72: OH | E72: 130000 | F72: 7800000
B73: - 02 Satuan biaya transportasi jakarta ke kota bekasi [6 ORG x 10 KL] | C73: 60 | D73: OK | E73: 284000 | F73: 17040000
A74: 524113 | B74: Belanja Perjalanan Dinas Dalam Kota | F74: 22800000
B75: - 01 Uang Harian Perjalanan Dinas Dalam Kota Lebih dari 8 Jam (D.K.I. Jakarta) [6 ORG x 10 KL] | C75: 60 | D75: OH | E75: 210000 | F75: 12600000
B76: - 02 Uang Transport Kegiatan Dalam Kabupaten/Kota Pergi Pulang (PP) [6 ORG x 10 KL] | C76: 60 | D76: OK | E76: 170000 | F76: 10200000
C78: Penanggung Jawab Kegiatan
C83: Toni Toharudin
C84: NIP 197004011995121001

Sheet RPD
B3: Bulan
B4: 1 | C4: 1909270772 | D4: 3036504
B5: 2 | C5: 4834271443
B6: 3 | C6: 5791070997
B7: 4 | C7: 4551006618
B8: 5 | C8: 3666143276
B9: 6 | C9: 6944127204
B10: 7 | C10: 12764930661
B11: 8 | C11: 5417414958
B12: 9 | C12: 5848080529
B13: 10 | C13: 5848080526
B14: 11 | C14: 7920517546
B15: 12 | C15: 14565489470
C16: =SUM(C4:C15) -> 80060404000
C20: Prog | D20: Kegiatan | E20: Output | F20: Jenbel | G20: Pagu | H20: Jumlah | I20: Januari | J20: Februari | K20: Maret | L20: April | M20: Mei | N20: Juni | O20: Juli | P20: Agustus | Q20: September | R20: Oktober | S20: Nopember | T20: Desember
C21: DK | D21: 7733 | E21: BDB | F21: 52 | G21: 6610725000 | H21: 6610725000 | I21: 0 | J21: 0 | K21: 79697992 | L21: 61892293 | M21: 108601808 | N21: 135578995 | O21: 367070057 | P21: 389901096 | Q21: 376071507 | R21: 682499767 | S21: 944705399 | T21: 3464706086
C22: DK | D22: 7733 | E22: BEJ | F22: 51 | G22: 434342697000 | H22: 434342697000 | I22: 0 | J22: 5064371933 | K22: 76230199239 | L22: 57051813510 | M22: 41655786383 | N22: 35782627386 | O22: 0 | P22: 70433511100 | Q22: 15411131100 | R22: 45596163500 | S22: 87117092849 | T22: 0
C23: WA | D23: 7735 | E23: EBA | F23: 51 | G23: 120082512000 | H23: 120082512000 | I23: 2864683601 | J23: 7253375650 | K23: 8688964580 | L23: 6828363071 | M23: 5500707744 | N23: 10419018413 | O23: 19152593795 | P23: 8128328371 | Q23: 8774502099 | R23: 8774502093 | S23: 11884001507 | T23: 21813471076
C24: WA | D24: 7735 | E24: EBA | F24: 52 | G24: 7344918000 | H24: 7344918000 | I24: 41023058 | J24: 453174378 | K24: 580945003 | L24: 358407565 | M24: 427698925 | N24: 423658970 | O24: 819227940 | P24: 410864663 | Q24: 571501522 | R24: 1160076895 | S24: 1440383469 | T24: 657955612
C25: WA | D25: 7735 | E25: EBB | F25: 53 | G25: 184289000 | H25: 184289000 | I25: 0 | J25: 0 | K25: 0 | L25: 0 | M25: 0 | N25: 0 | O25: 0 | P25: 0 | Q25: 0 | R25: 0 | S25: 184289000 | T25: 0
C27: RENCANA PENARIKAN DANA TAHUN 2026
D28: Pagu | E28: Jumlah | F28: Januari | G28: Februari | H28: Maret | I28: April | J28: Mei | K28: Juni | L28: Juli | M28: Agustus | N28: September | O28: Oktober | P28: Nopember | Q28: Desember
C29: 7733.BDB.001.051 | D29: 52150000 | E29: =SUM(F29:Q29) -> 52150000 | G29: 4345000 | H29: 4345000 | I29: 4345000 | J29: 4345000 | K29: 4345000 | L29: 4345000 | M29: 4345000 | N29: 4345000 | O29: 4345000 | P29: 4345000 | Q29: 8700000
C30: 7733.BDB.001.052 | D30: 2355010000 | E30: =SUM(F30:Q30) -> 2355010000 | G30: 196250000 | H30: 196250000 | I30: 196250000 | J30: 196250000 | K30: 196250000 | L30: 196250000 | M30: 196250000 | N30: 196250000 | O30: 196250000 | P30: 196250000 | Q30: 392510000
C31: 7733.BDB.001.053 | D31: 622508000 | E31: =SUM(F31:Q31) -> 622508000 | G31: 51875000 | H31: 51875000 | I31: 51875000 | J31: 51875000 | K31: 51875000 | L31: 51875000 | M31: 51875000 | N31: 51875000 | O31: 51875000 | P31: 51875000 | Q31: 103758000
C32: 7733.BDB.001.054 | D32: 1565296000 | E32: =SUM(F32:Q32) -> 1565296000 | G32: 130441000 | H32: 130441000 | I32: 130441000 | J32: 130441000 | K32: 130441000 | L32: 130441000 | M32: 130441000 | N32: 130441000 | O32: 130441000 | P32: 130441000 | Q32: 260886000
C34: 7733.BDB.002.051 | D34: 260520000 | E34: =SUM(F34:Q34) -> 260520000 | G34: 21710000 | H34: 21710000 | I34: 21710000 | J34: 21710000 | K34: 21710000 | L34: 21710000 | M34: 21710000 | N34: 21710000 | O34: 21710000 | P34: 21710000 | Q34: 43420000
C36: 7733.BEJ.001.004 | D36: 407858073000 | E36: =SUM(F36:Q36) -> 407858073000 | F36: 33965422800 | G36: 33965422800 | H36: 33965422800 | I36: 33965422800 | J36: 33965422800 | K36: 33965422800 | L36: 33965422800 | M36: 33965422800 | N36: 33965422800 | O36: 33965422800 | P36: 33965422800 | Q36: 34238422200
C38: 7733.BEJ.001.004 | E38: =SUM(F38:Q38) -> 0
C40: 7735.EBA.Z07.051 | D40: 10000000 | E40: =SUM(F40:Q40) -> 10000000 | K40: 4000000 | L40: 6000000
C42: 7735.EBA.962.051 | D42: 193288000 | E42: =SUM(F42:Q42) -> 193288000 | G42: 16102998 | H42: 16102998 | I42: 16102998 | J42: 16102998 | K42: 16102998 | L42: 16102998 | M42: 16102998 | N42: 16102998 | O42: 16102998 | P42: 16102998 | Q42: 32258020
C44: 7735.EBA.994.001 | D44: 114082512000 | E44: =SUM(F44:Q44) -> 114082512000 | F44: 9506862000 | G44: 9506862000 | H44: 9506862000 | I44: 9506862000 | J44: 9506862000 | K44: 9506862000 | L44: 9506862000 | M44: 9506862000 | N44: 9506862000 | O44: 9506862000 | P44: 9506862000 | Q44: 9507030000
C45: 7735.EBA.994.002 | D45: 6399040000 | E45: =SUM(F45:Q45) -> 6399040000 | F45: 200000000 | G45: 533253000 | H45: 533253000 | I45: 533253000 | J45: 533253000 | K45: 533253000 | L45: 533253000 | M45: 533253000 | N45: 533253000 | O45: 533253000 | P45: 533253000 | Q45: 866510000
C47: 7735.EBB.951.997 | D47: 198600000 | E47: =SUM(F47:Q47) -> 198600000 | L47: 198600000
C48: Jumlah | D48: =SUM(D29:D47) -> 533596997000 | E48: =SUM(E29:E47) -> 533596997000
C49: Selisih | D49: =D48-E48 -> 0
C51: BERDASARKAN RPD (Rev. KPA saat ini)
D52: Pagu | E52: Jumlah | F52: Januari | G52: Februari | H52: Maret | I52: April | J52: Mei | K52: Juni | L52: Juli | M52: Agustus | N52: September | O52: Oktober | P52: Nopember | Q52: Desember
C53: 7733 - 51 | D53: 4.0785807e+08 | E53: =SUM(F53:Q53) -> 4.0785807e+08 | F53: =(F36+F38)/1000 -> 33965423 | G53: =(G36+G38)/1000 -> 33965423 | H53: =(H36+H38)/1000 -> 33965423 | I53: =(I36+I38)/1000 -> 33965423 | J53: =(J36+J38)/1000 -> 33965423 | K53: =(K36+K38)/1000 -> 33965423 | L53: =(L36+L38)/1000 -> 33965423 | M53: =(M36+M38)/1000 -> 33965423 | ... Q53: =(Q36+Q38)/1000 -> 34238422 | R53: 0
C54: 7733 - 52 | D54: 4855484 | E54: =SUM(F54:Q54) -> 4855484 | F54: =(F29+F30+F31+F32+F34)/1000 -> 0 | G54: =(G29+G30+G31+G32+G34)/1000 -> 404621 | H54: =(H29+H30+H31+H32+H34)/1000 -> 404621 | I54: =(I29+I30+I31+I32+I34)/1000 -> 404621 | J54: =(J29+J30+J31+J32+J34)/1000 -> 404621 | K54: =(K29+K30+K31+K32+K34)/1000 -> 404621 | L54: =(L29+L30+L31+L32+L34)/1000 -> 404621 | M54: =(M29+M30+M31+M32+M34)/1000 -> 404621 | ... Q54: =(Q29+Q30+Q31+Q32+Q34)/1000 -> 809274
C55: 7735 - 51 | D55: 114082512 | E55: =SUM(F55:Q55) -> 114082512 | F55: =(F44)/1000 -> 9506862 | G55: =(G44)/1000 -> 9506862 | H55: =(H44)/1000 -> 9506862 | I55: =(I44)/1000 -> 9506862 | J55: =(J44)/1000 -> 9506862 | K55: =(K44)/1000 -> 9506862 | L55: =(L44)/1000 -> 9506862 | M55: =(M44)/1000 -> 9506862 | ... Q55: =(Q44)/1000 -> 9507030
C56: 7735 - 52 | D56: 6602328 | E56: =SUM(F56:Q56) -> 6602328 | F56: =(F40+F42+F45)/1000 -> 200000 | G56: =(G40+G42+G45)/1000 -> 549356 | H56: =(H40+H42+H45)/1000 -> 549356 | I56: =(I40+I42+I45)/1000 -> 549356 | J56: =(J40+J42+J45)/1000 -> 549356 | K56: =(K40+K42+K45)/1000 -> 553356 | L56: =(L40+L42+L45)/1000 -> 555356 | M56: =(M40+M42+M45)/1000 -> 549356 | ... Q56: =(Q40+Q42+Q45)/1000 -> 898768.02
C57: 7735 - 53 | D57: 198600 | E57: =SUM(F57:Q57) -> 198600 | F57: =(F47)/1000 -> 0 | G57: =(G47)/1000 -> 0 | H57: =(H47)/1000 -> 0 | I57: =(I47)/1000 -> 0 | J57: =(J47)/1000 -> 0 | K57: =(K47)/1000 -> 0 | L57: =(L47)/1000 -> 198600 | M57: =(M47)/1000 -> 0 | ... Q57: =(Q47)/1000 -> 0
C58: Jumlah | D58: =SUM(D53:D57) -> 5.33597e+08 | E58: =SUM(E53:E57) -> 5.33597e+08
C59: Selisih | D59: =D58-E58 -> 0
C62: BEDASARKAN DIPA PETIKAN (Rev. KPA sebelumnya)
D63: Pagu | E63: Jumlah | F63: Januari | G63: Februari | H63: Maret | I63: April | J63: Mei | K63: Juni | L63: Juli | M63: Agustus | N63: September | O63: Oktober | P63: Nopember | Q63: Desember
C64: 7733 - 51 | D64: 4.0785807e+08 | E64: =SUM(F64:Q64) -> 4.0785807e+08 | F64: 33965423 | G64: 33965423 | H64: 33965423 | I64: 33965423 | J64: 33965423 | K64: 33965423 | L64: 33965423 | M64: 33965423 | N64: 33965423 | O64: 33965423 | P64: 33965423 | Q64: 34238422
C65: 7733 - 52 | D65: 4855484 | E65: =SUM(F65:Q65) -> 4855484 | F65: 0 | G65: 404621 | H65: 404621 | I65: 404621 | J65: 404621 | K65: 404621 | L65: 404621 | M65: 404621 | N65: 404621 | O65: 404621 | P65: 404621 | Q65: 809274
C66: 7735 - 51 | D66: 114082512 | E66: =SUM(F66:Q66) -> 114082512 | F66: 9506862 | G66: 9506862 | H66: 9506862 | I66: 9506862 | J66: 9506862 | K66: 9506862 | L66: 9506862 | M66: 9506862 | N66: 9506862 | O66: 9506862 | P66: 9506862 | Q66: 9507030
C67: 7735 - 52 | D67: 6602328 | E67: =SUM(F67:Q67) -> 6602328 | F67: 200000 | G67: 549356 | H67: 549356 | I67: 549356 | J67: 549356 | K67: 553356 | L67: 555356 | M67: 549356 | N67: 549356 | O67: 549356 | P67: 549356 | Q67: 898768
C68: 7735 - 53 | D68: 198600 | E68: =SUM(F68:Q68) -> 198600 | F68: 0 | G68: 0 | H68: 0 | I68: 0 | J68: 0 | K68: 0 | L68: 198600 | M68: 0 | N68: 0 | O68: 0 | P68: 0 | Q68: 0
C69: Jumlah | D69: =SUM(D64:D68) -> 5.33597e+08 | E69: =SUM(E64:E68) -> 5.33597e+08
C70: Selisih | D70: =D69-E69 -> 0
C72: SELISIH
D73: Pagu | E73: Jumlah | F73: Januari | G73: Februari | H73: Maret | I73: April | J73: Mei | K73: Juni | L73: Juli | M73: Agustus | N73: September | O73: Oktober | P73: Nopember | Q73: Desember
C74: 7733 - 51 | E74: =SUM(F74:Q74) -> 0 | F74: =F64-F53 -> 0 | G74: =G64-G53 -> 0 | H74: =H64-H53 -> 0 | I74: =I64-I53 -> 0 | J74: =J64-J53 -> 0 | K74: =K64-K53 -> 0 | L74: =L64-L53 -> 0 | M74: =M64-M53 -> 0 | ... Q74: =Q64-Q53 -> 0
C75: 7733 - 52 | E75: =SUM(F75:Q75) -> 0 | F75: =F65-F54 -> 0 | G75: =G65-G54 -> 0 | H75: =H65-H54 -> 0 | I75: =I65-I54 -> 0 | J75: =J65-J54 -> 0 | K75: =K65-K54 -> 0 | L75: =L65-L54 -> 0 | M75: =M65-M54 -> 0 | ... Q75: =Q65-Q54 -> 0
C76: 7735 - 51 | E76: =SUM(F76:Q76) -> 0 | F76: =F66-F55 -> 0 | G76: =G66-G55 -> 0 | H76: =H66-H55 -> 0 | I76: =I66-I55 -> 0 | J76: =J66-J55 -> 0 | K76: =K66-K55 -> 0 | L76: =L66-L55 -> 0 | M76: =M66-M55 -> 0 | ... Q76: =Q66-Q55 -> 0
C77: 7735 - 52 | E77: =SUM(F77:Q77) -> -2.3283064e-10 | F77: =F67-F56 -> 0 | G77: =G67-G56 -> 0.002 | H77: =H67-H56 -> 0.002 | I77: =I67-I56 -> 0.002 | J77: =J67-J56 -> 0.002 | K77: =K67-K56 -> 0.002 | L77: =L67-L56 -> 0.002 | M77: =M67-M56 -> 0.002 | ... Q77: =Q67-Q56 -> -0.02
C78: 7735 - 53 | E78: =SUM(F78:Q78) -> 0 | F78: =F68-F57 -> 0 | G78: =G68-G57 -> 0 | H78: =H68-H57 -> 0 | I78: =I68-I57 -> 0 | J78: =J68-J57 -> 0 | K78: =K68-K57 -> 0 | L78: =L68-L57 -> 0 | M78: =M68-M57 -> 0 | ... Q78: =Q68-Q57 -> 0
C79: Jumlah | E79: =SUM(E74:E78) -> -2.3283064e-10
C80: Selisih

Sheet RAB 7733.BDB.001
A1: RINCIAN ANGGARAN BIAYA
A3: Kementerian/Lembaga | B3: : Kementerian Pendidikan Tinggi, Sains dan Teknologi
A4: Unit eselon II/Satker | B4: : Lembaga Layanan Pendidikan Tinggi Wilayah III DKI Jakarta
A5: Kegiatan | B5: : Pembinaan Kelembagaan Pendidikan Tinggi
A6: Sasaran Kegiatan | B6: : Tersedianya program studi dan perguruan tinggi yang berkualitas
A7: Indikator kinerja kegiatan | B7: : Jumlah layanan fasilitasi lembaga pendidikan tinggi akademik dan vokasi
A8: Klasifikasi Rincian Output | B8: : Fasilitasi dan pembinaan lembaga
A9: Rincian Output | B9: : Lembaga Pendidikan Tinggi Akademik dan Vokasi yang Mendapatkan Layanan Pembinaan Peningkatan Mutu
A10: Volume RO | B10: : 245
A11: Satuan RO | B11: : Lembaga
A12: Alokasi Dana | B12: : Rp. 4.594.964.000
A15: Kode | B15: Uraian RO/Komponen/Subkomponen/Akun/Detil | C15: Volume Rincian Output | D15: Jenis Komponen (Utama/Pendukung) | E15: Rincian Perhitungan | H15: Harga Satuan | I15: Jumlah
E16: Sat. | F16: Jml | G16: jml
A17: 7733.BDB.001 | B17: Lembaga Pendidikan Tinggi Akademik dan Vokasi yang mendapatkan layanan pembinaan peningkatan mutu | C17: 246 | I17: =I18+I35+I124+I147 -> 4594964000
A18: 051 | B18: Pembinaan dan Evaluasi Lapangan Pengendalian Perguruan Tinggi | D18: Utama | I18: =I19 -> 52150000
A19: A | B19: Monitoring, Evaluasi, dan Penataan Legalitas PTS | I19: =I20+I24+I29+I32 -> 52150000
A20: 521211 | B20: Belanja Bahan | I20: =SUM(I21:I23) -> 8800000
B21: - 01 Makan Rapat Biasa D.K.I. JAKARTA [150 ORG x 5KL] | E21: OK | F21: 100 | G21: OK | H21: 57000 | I21: =F21*H21 -> 5700000
B22: - 02 Snack Rapat Biasa D.K.I. JAKARTA [150 ORG x 5 KL] | E22: OK | F22: 100 | G22: OK | H22: 24000 | I22: =F22*H22 -> 2400000
B23: - 03 Bahan Habis Pakai | E23: KEG | F23: 1 | G23: KEG | H23: =778000-108000+30000 -> 700000 | I23: =F23*H23 -> 700000
A24: 521213 | B24: Belanja Honor Output Kegiatan | I24: =SUM(I25:I28) -> 7750000
B25: - 01 Honorarium Penanggung Jawab Panitia Seminar/Rakor/Sosialisai/Diseminasi/FGD | E25: OK | F25: 1 | G25: OK | H25: 450000 | I25: =F25*H25 -> 450000
B26: - 02 Honorarium Ketua/Wakil ketua Panitia Seminar/Rakor/Sosialisai/Diseminasi/FGD | E26: OK | F26: 1 | G26: OK | H26: 400000 | I26: =F26*H26 -> 400000
B27: - 03 Honorarium Sekretaris Panitia Seminar/Rakor/Sosialisai/Diseminasi/FGD | E27: OK | F27: 1 | G27: OK | H27: 300000 | I27: =F27*H27 -> 300000
B28: - 04 Honorarium Anggota Panitia Seminar/Rakor/Sosialisai/Diseminasi/FGD | E28: OK | F28: 22 | G28: OK | H28: 300000 | I28: =F28*H28 -> 6600000
A29: 522151 | B29: Belanja Jasa Profesi | I29: =SUM(I30:I31) -> 12800000
B30: - 01 Honorarium Narasumber (Pejabat Eselon II) [4 ORG x 3 JAM x 5 KEG] | E30: OJ | F30: 10 | G30: OJ | H30: 1000000 | I30: =F30*H30 -> 10000000
B31: - 02 Honorarium Moderator [3 ORG x 5 KEG] | E31: ORKAL | F31: 4 | G31: ORKAL | H31: 700000 | I31: =F31*H31 -> 2800000
A32: 524113 | B32: Belanja Perjalanan Dinas Dalam Kota | I32: =SUM(I33:I34) -> 22800000
B33: - 01 Uang Harian Perjalanan Dinas Dalam Kota Lebih dari 8 Jam (D.K.I. Jakarta) [5 ORG x 12 TIM x 1 HR x 8 PTS x 2 x KL] | E33: OH | F33: 60 | G33: OH | H33: 210000 | I33: =F33*H33 -> 12600000
B34: - 02 Uang Transport Kegiatan Dalam Kabupaten/Kota Pergi Pulang (PP) [5 ORG x 12 TIM x 1 HR x 8 PTS x 2 x KL] | E34: OK | F34: 60 | G34: OK | H34: 170000 | I34: =F34*H34 -> 10200000
A35: 052 | B35: Workshop/Sosialisasi/Bimbingan Teknis Peningkatan Mutu Perguruan Tinggi | D35: Utama | I35: =I36+I58+I80+I102 -> 2355010000
A36: A | B36: Pembelajaran dan Prestasi Mahasiswa | I36: =I37+I41+I46+I50+I54 -> 622508000
A37: 521211 | B37: Belanja Bahan | I37: =SUM(I38:I40) -> 143060000
B38: - 01 Makan Rapat Biasa D.K.I. JAKARTA [110 ORG x 2 HR x 2 KL x 4 KEG ] | E38: OK | F38: 1760 | G38: OK | H38: 57000 | I38: =F38*H38 -> 100320000
B39: - 02 Snack Rapat Biasa D.K.I. JAKARTA[110 ORG x 2 HR x 2 KL x 4 KEG ] | E39: OK | F39: 1760 | G39: OK | H39: 24000 | I39: =F39*H39 -> 42240000
B40: - 03 Bahan Habis Pakai | E40: KEG | F40: 1 | G40: KEG | H40: 500000 | I40: =F40*H40 -> 500000
A41: 521213 | B41: Belanja Honor Output Kegiatan | I41: =SUM(I42:I45) -> 15400000
B42: - 01 Honorarium Penanggung Jawab Panitia Seminar/Rakor/Sosialisai/Diseminasi/FGD | E42: OK | F42: 4 | G42: OK | H42: 450000 | I42: =F42*H42 -> 1800000
B43: - 02 Honorarium Ketua/Wakil ketua Panitia Seminar/Rakor/Sosialisai/Diseminasi/FGD | E43: OK | F43: 4 | G43: OK | H43: 400000 | I43: =F43*H43 -> 1600000
B44: - 03 Honorarium Sekretaris Panitia Seminar/Rakor/Sosialisai/Diseminasi/FGD | E44: OK | F44: 4 | G44: OK | H44: 300000 | I44: =F44*H44 -> 1200000
B45: - 04 Honorarium Anggota Panitia Seminar/Rakor/Sosialisai/Diseminasi/FGD | E45: OK | F45: 36 | G45: OK | H45: 300000 | I45: =F45*H45 -> 10800000
A46: 522151 | B46: Belanja Jasa Profesi | I46: =SUM(I47:I49) -> 148000000
B47: - 01 Honorarium Narasumber (Pejabat Eselon II) [3 ORG x 3 JAM x 2 HR x 4 KEG] | E47: OJ | F47: 72 | G47: OJ | H47: 1000000 | I47: =F47*H47 -> 72000000
B48: - 01 Honorarium Narasumber (Pejabat Eselon III) [3 ORG x 3 JAM x 2 HR x 4 KEG] | E48: OJ | F48: 72 | G48: OJ | H48: 900000 | I48: =F48*H48 -> 64800000
B49: - 02 Honorarium Moderator [2 ORG x 2 KL x 4 KEG] | E49: ORKAL | F49: 16 | G49: ORKAL | H49: 700000 | I49: =F49*H49 -> 11200000
A50: 524111 | B50: Belanja Perjalanan Dinas Biasa | I50: =SUM(I51:I53) -> 190368000
B51: - 01 Uang Harian Perjalanan Dinas Luar Kota (Jawa Barat) [24 ORG x 3 HR x 4 KEG] | E51: OH | F51: 288 | G51: OH | H51: 430000 | I51: =F51*H51 -> 123840000
B52: - 02 Satuan biaya transportasi jakarta ke kota bekasi [24 ORG x 2 KL x 4 KEG] | E52: OK | F52: 192 | G52: OK | H52: 284000 | I52: =F52*H52 -> 54528000
B53: - 03 Biaya Penginapan Luar Kota [4 ORG x 2 KL x 4 KEG] | E53: OK | F53: 32 | G53: OK | H53: 375000 | I53: =F53*H53 -> 12000000
A54: 524113 | B54: Belanja Perjalanan Dinas Dalam Kota | I54: =SUM(I55:I57) -> 125680000
B55: - 01 Uang Harian Perjalanan Dinas Dalam Kota Lebih dari 8 Jam (D.K.I. Jakarta)[25 ORG x 3 HR x 4 KEG] | E55: OH | F55: 300 | G55: OH | H55: 210000 | I55: =F55*H55 -> 63000000
B56: - 02 Uang Transport Kegiatan Dalam Kabupaten/Kota Pergi Pulang (PP) [25 ORG x 3 HR x 4 KEG] | E56: OK | F56: 300 | G56: OK | H56: 170000 | I56: =F56*H56 -> 51000000
B57: - 03 Biaya Penginapan Dalam Kota [2 ORG x 2 KL x 4 KEG] | E57: OK | F57: 16 | G57: OK | H57: 730000 | I57: =F57*H57 -> 11680000
A58: B | B58: Peningkatan Kinerja Dosen | I58: =I59+I63+I68+I72+I76 -> 622508000
A59: 521211 | B59: Belanja Bahan | I59: =SUM(I60:I62) -> 143060000
B60: - 01 Makan Rapat Biasa D.K.I. JAKARTA [110 ORG x 2 HR x 2 KL x 4 KEG ] | E60: OK | F60: 1760 | G60: OK | H60: 57000 | I60: =F60*H60 -> 100320000
B61: - 02 Snack Rapat Biasa D.K.I. JAKARTA[110 ORG x 2 HR x 2 KL x 4 KEG ] | E61: OK | F61: 1760 | G61: OK | H61: 24000 | I61: =F61*H61 -> 42240000
B62: - 03 Bahan Habis Pakai | E62: KEG | F62: 1 | G62: KEG | H62: 500000 | I62: =F62*H62 -> 500000
A63: 521213 | B63: Belanja Honor Output Kegiatan | I63: =SUM(I64:I67) -> 15400000
B64: - 01 Honorarium Penanggung Jawab Panitia Seminar/Rakor/Sosialisai/Diseminasi/FGD | E64: OK | F64: 4 | G64: OK | H64: 450000 | I64: =F64*H64 -> 1800000
B65: - 02 Honorarium Ketua/Wakil ketua Panitia Seminar/Rakor/Sosialisai/Diseminasi/FGD | E65: OK | F65: 4 | G65: OK | H65: 400000 | I65: =F65*H65 -> 1600000
B66: - 03 Honorarium Sekretaris Panitia Seminar/Rakor/Sosialisai/Diseminasi/FGD | E66: OK | F66: 4 | G66: OK | H66: 300000 | I66: =F66*H66 -> 1200000
B67: - 04 Honorarium Anggota Panitia Seminar/Rakor/Sosialisai/Diseminasi/FGD | E67: OK | F67: 36 | G67: OK | H67: 300000 | I67: =F67*H67 -> 10800000
A68: 522151 | B68: Belanja Jasa Profesi | I68: =SUM(I69:I71) -> 148000000
B69: - 01 Honorarium Narasumber (Pejabat Eselon II) [3 ORG x 3 JAM x 2 HR x 4 KEG] | E69: OJ | F69: 72 | G69: OJ | H69: 1000000 | I69: =F69*H69 -> 72000000
B70: - 01 Honorarium Narasumber (Pejabat Eselon III) [3 ORG x 3 JAM x 2 HR x 4 KEG] | E70: OJ | F70: 72 | G70: OJ | H70: 900000 | I70: =F70*H70 -> 64800000
B71: - 02 Honorarium Moderator [2 ORG x 2 KL x 4 KEG] | E71: ORKAL | F71: 16 | G71: ORKAL | H71: 700000 | I71: =F71*H71 -> 11200000
A72: 524111 | B72: Belanja Perjalanan Dinas Biasa | I72: =SUM(I73:I75) -> 190368000
B73: - 01 Uang Harian Perjalanan Dinas Luar Kota (Jawa Barat) [24 ORG x 3 HR x 4 KEG] | E73: OH | F73: 288 | G73: OH | H73: 430000 | I73: =F73*H73 -> 123840000
B74: - 02 Satuan biaya transportasi jakarta ke kota bekasi [24 ORG x 2 KL x 4 KEG] | E74: OK | F74: 192 | G74: OK | H74: 284000 | I74: =F74*H74 -> 54528000
B75: - 03 Biaya Penginapan Luar Kota [4 ORG x 2 KL x 4 KEG] | E75: OK | F75: 32 | G75: OK | H75: 375000 | I75: =F75*H75 -> 12000000
A76: 524113 | B76: Belanja Perjalanan Dinas Dalam Kota | I76: =SUM(I77:I79) -> 125680000
B77: - 01 Uang Harian Perjalanan Dinas Dalam Kota Lebih dari 8 Jam (D.K.I. Jakarta)[25 ORG x 3 HR x 4 KEG] | E77: OH | F77: 300 | G77: OH | H77: 210000 | I77: =F77*H77 -> 63000000
B78: - 02 Uang Transport Kegiatan Dalam Kabupaten/Kota Pergi Pulang (PP) [25 ORG x 3 HR x 4 KEG] | E78: OK | F78: 300 | G78: OK | H78: 170000 | I78: =F78*H78 -> 51000000
B79: - 03 Biaya Penginapan Dalam Kota [2 ORG x 2 KL x 4 KEG] | E79: OK | F79: 16 | G79: OK | H79: 730000 | I79: =F79*H79 -> 11680000
A80: C | B80: Inovasi Dalam Rangka Meningkatkan Mutu Riset dan Pengabdian Masyarakat | I80: =I81+I85+I90+I94+I98 -> 487486000
A81: 521211 | B81: Belanja Bahan | I81: =SUM(I82:I84) -> 52032000
B82: - 01 Makan Rapat Biasa D.K.I. JAKARTA [110 ORG x 2 HR x 2 KL x 4 KEG ] | E82: OK | F82: 620 | G82: OK | H82: 57000 | I82: =F82*H82 -> 35340000
B83: - 02 Snack Rapat Biasa D.K.I. JAKARTA[110 ORG x 2 HR x 2 KL x 4 KEG ] | E83: OK | F83: 620 | G83: OK | H83: 24000 | I83: =F83*H83 -> 14880000
B84: - 03 Bahan Habis Pakai | E84: KEG | F84: 1 | G84: KEG | H84: 1812000 | I84: =F84*H84 -> 1812000
A85: 521213 | B85: Belanja Honor Output Kegiatan | I85: =SUM(I86:I89) -> 15400000
B86: - 01 Honorarium Penanggung Jawab Panitia Seminar/Rakor/Sosialisai/Diseminasi/FGD | E86: OK | F86: 4 | G86: OK | H86: 450000 | I86: =F86*H86 -> 1800000
B87: - 02 Honorarium Ketua/Wakil ketua Panitia Seminar/Rakor/Sosialisai/Diseminasi/FGD | E87: OK | F87: 4 | G87: OK | H87: 400000 | I87: =F87*H87 -> 1600000
B88: - 03 Honorarium Sekretaris Panitia Seminar/Rakor/Sosialisai/Diseminasi/FGD | E88: OK | F88: 4 | G88: OK | H88: 300000 | I88: =F88*H88 -> 1200000
B89: - 04 Honorarium Anggota Panitia Seminar/Rakor/Sosialisai/Diseminasi/FGD | E89: OK | F89: 36 | G89: OK | H89: 300000 | I89: =F89*H89 -> 10800000
A90: 522151 | B90: Belanja Jasa Profesi | I90: =SUM(I91:I93) -> 134700000
B91: - 01 Honorarium Narasumber (Pejabat Eselon II) [3 ORG x 3 JAM x 2 HR x 4 KEG] | E91: OJ | F91: 65 | G91: OJ | H91: 1000000 | I91: =F91*H91 -> 65000000
B92: - 01 Honorarium Narasumber (Pejabat Eselon III) [3 ORG x 3 JAM x 2 HR x 4 KEG] | E92: OJ | F92: 65 | G92: OJ | H92: 900000 | I92: =F92*H92 -> 58500000
B93: - 02 Honorarium Moderator [2 ORG x 2 KL x 4 KEG] | E93: ORKAL | F93: 16 | G93: ORKAL | H93: 700000 | I93: =F93*H93 -> 11200000
A94: 524111 | B94: Belanja Perjalanan Dinas Biasa | I94: =SUM(I95:I97) -> 159674000
B95: - 01 Uang Harian Perjalanan Dinas Luar Kota (Jawa Barat) [24 ORG x 3 HR x 4 KEG] | E95: OH | F95: 247 | G95: OH | H95: 430000 | I95: =F95*H95 -> 106210000
B96: - 02 Satuan biaya transportasi jakarta ke kota bekasi [24 ORG x 2 KL x 4 KEG] | E96: OK | F96: 146 | G96: OK | H96: 284000 | I96: =F96*H96 -> 41464000
B97: - 03 Biaya Penginapan Luar Kota [4 ORG x 2 KL x 4 KEG] | E97: OK | F97: 32 | G97: OK | H97: 375000 | I97: =F97*H97 -> 12000000
A98: 524113 | B98: Belanja Perjalanan Dinas Dalam Kota | I98: =SUM(I99:I101) -> 125680000
B99: - 01 Uang Harian Perjalanan Dinas Dalam Kota Lebih dari 8 Jam (D.K.I. Jakarta)[25 ORG x 3 HR x 4 KEG] | E99: OH | F99: 300 | G99: OH | H99: 210000 | I99: =F99*H99 -> 63000000
B100: - 02 Uang Transport Kegiatan Dalam Kabupaten/Kota Pergi Pulang (PP) [25 ORG x 3 HR x 4 KEG] | E100: OK | F100: 300 | G100: OK | H100: 170000 | I100: =F100*H100 -> 51000000
B101: - 03 Biaya Penginapan Dalam Kota [2 ORG x 2 KL x 4 KEG] | E101: OK | F101: 16 | G101: OK | H101: 730000 | I101: =F101*H101 -> 11680000
A102: D | B102: Peningkatan Mutu Perguruan Tinggi | I102: =I103+I107+I112+I116+I120 -> 622508000
A103: 521211 | B103: Belanja Bahan | I103: =SUM(I104:I106) -> 143060000
...

Sheet RAB 7733.BDB.002
A1: RINCIAN ANGGARAN BIAYA
A3: Kementerian/Lembaga | B3: : Kementerian Pendidikan Tinggi, Sains dan Teknologi
A4: Unit eselon II/Satker | B4: : Lembaga Layanan Pendidikan Tinggi Wilayah III DKI Jakarta
A5: Kegiatan | B5: : Pembinaan Kelembagaan Pendidikan Tinggi
A6: Sasaran Kegiatan | B6: : Tersedianya program studi dan perguruan tinggi yang berkualitas
A7: Indikator kinerja kegiatan | B7: : Jumlah layanan fasilitasi lembaga pendidikan tinggi akademik dan vokasi
A8: Klasifikasi Rincian Output | B8: : Fasilitasi dan pembinaan lembaga
A9: Rincian Output | B9: : Lembaga Pendidikan Tinggi Akademik dan Vokasi yang mendapat layanan rekomendasi
A10: Volume RO | B10: : 125
A11: Satuan RO | B11: : Lembaga
A12: Alokasi Dana | B12: : Rp. 260.520.000
A15: Kode | B15: Uraian RO/Komponen/Subkomponen/Akun/Detil | C15: Volume Rincian Output | D15: Jenis Komponen (Utama/Pendukung) | E15: Rincian Perhitungan | H15: Harga Satuan | I15: Jumlah
E16: Sat. | F16: Jml | G16: jml
A17: 7733.BDB.002 | B17: Lembaga Pendidikan Tinggi Akademik dan Vokasi yang mendapat layanan rekomendasi | C17: 125 | I17: =I18 -> 260520000
A18: 051 | B18: Evaluasi Dokumen usulan Rekomendasi | D18: Utama | I18: =I19+I30+I48 -> 260520000
A19: A | B19: Fasilitasi Rekomendasi Perguruan Tinggi dan Program Studi (100 Rekomendasi) | I19: =I20+I24+I27 -> 92602000
A20: 521211 | B20: Belanja Bahan | I20: =SUM(I21:I23) -> 16022000
B21: - 01 Makan Rapat Biasa D.K.I. JAKARTA [15 ORG x 1 x 10 KL ] | E21: OK | F21: 150 | G21: OK | H21: 57000 | I21: =F21*H21 -> 8550000
B22: - 02 Snack Rapat Biasa D.K.I. JAKARTA [15 ORG x 2 x 10 KL ] | E22: OK | F22: 300 | G22: OK | H22: 24000 | I22: =F22*H22 -> 7200000
B23: - 06 Bahan Habis Pakai | E23: PKT | F23: 1 | G23: PKT | H23: 272000 | I23: =F23*H23 -> 272000
A24: 524111 | B24: Belanja Perjalanan Dinas Biasa | I24: =SUM(I25:I26) -> 49980000
B25: - 01 Uang Harian Perjalanan Dinas Luar Kota (Jawa Barat) [7 ORG x 10 HR] | E25: OH | F25: 70 | G25: OH | H25: 430000 | I25: =F25*H25 -> 30100000
B26: - 02 Satuan biaya transportasi jakarta ke kota bekasi [7 ORG x 10 KL] | E26: OK | F26: 70 | G26: OK | H26: 284000 | I26: =F26*H26 -> 19880000
A27: 524113 | B27: Belanja Perjalanan Dinas Dalam Kota | I27: =SUM(I28:I29) -> 26600000
B28: - 01 Uang Harian Perjalanan Dinas Dalam Kota Lebih dari 8 Jam (D.K.I. Jakarta) [7 ORG x 10 KL] | E28: OH | F28: 70 | G28: OH | H28: 210000 | I28: =F28*H28 -> 14700000
B29: - 02 Uang Transport Kegiatan Dalam Kabupaten/Kota Pergi Pulang (PP) [7 ORG x 10 KL] | E29: OK | F29: 70 | G29: OK | H29: 170000 | I29: =F29*H29 -> 11900000
A30: B | B30: Pelatihan PTS yang mendapat pelayanan rekomendasi | I30: =I31+I37+I42+I45 -> 79298000
A31: 521211 | B31: Belanja Bahan | I31: =SUM(I32:I36) -> 8248000
B32: - 01 Makan Rapat Biasa D.K.I. JAKARTA [60 ORG x 15 KL ] | E32: OK | F32: 100 | G32: OK | H32: 57000 | I32: =F32*H32 -> 5700000
B33: - 02 Snack Rapat Biasa D.K.I. JAKARTA [60 ORG x 15 KL ] | E33: OK | F33: 100 | G33: OK | H33: 24000 | I33: =F33*H33 -> 2400000
B34: - 05 Bahan Habis Pakai | E34: PKT | F34: 1 | G34: PKT | H34: =358000-210000 -> 148000 | I34: =F34*H34 -> 148000
B35: - 03 Penggandaan dan Penjilidan Laporan | E35: KEG | F35: 0 | G35: KEG | H35: 0 | I35: =F35*H35 -> 0
B36: - 04 Spanduk dan bahan publikasi lainnya | E36: KEG | F36: 0 | G36: KEG | H36: 0 | I36: =F36*H36 -> 0
A37: 521213 | B37: Belanja Honor Output Kegiatan | I37: =SUM(I38:I41) -> 13850000
B38: - 01 Honorarium Penanggung Jawab Panitia Seminar/Rakor/Sosialisai/Diseminasi/FGD | E38: OK | F38: 1 | G38: OK | H38: 450000 | I38: =F38*H38 -> 450000
B39: - 02 Honorarium Ketua/Wakil ketua Panitia Seminar/Rakor/Sosialisai/Diseminasi/FGD | E39: OK | F39: 2 | G39: OK | H39: 400000 | I39: =F39*H39 -> 800000
B40: - 03 Honorarium Sekretaris Panitia Seminar/Rakor/Sosialisai/Diseminasi/FGD | E40: OK | F40: 1 | G40: OK | H40: 300000 | I40: =F40*H40 -> 300000
B41: - 04 Honorarium Anggota Panitia Seminar/Rakor/Sosialisai/Diseminasi/FGD | E41: OK | F41: 41 | G41: OK | H41: 300000 | I41: =F41*H41 -> 12300000
A42: 522151 | B42: Belanja Jasa Profesi | I42: =SUM(I43:I44) -> 7400000
B43: - 01 Honorarium Narasumber (Pejabat Eselon II) [4 ORG x 3 JAM x 2 KEG] | E43: OJ | F43: 6 | G43: OJ | H43: 1000000 | I43: =F43*H43 -> 6000000
B44: - 03 Honorarium Moderator [4 ORG x 2 KL] | E44: ORKAL | F44: 2 | G44: ORKAL | H44: 700000 | I44: =F44*H44 -> 1400000
A45: 524113 | B45: Belanja Perjalanan Dinas Dalam Kota | I45: =SUM(I46:I47) -> 49800000
B46: - 01 Uang Harian Perjalanan Dinas Dalam Kota Lebih dari 8 Jam (D.K.I. Jakarta) [70 ORG x 2 KL] | E46: OH | F46: 140 | G46: OH | H46: 210000 | I46: =F46*H46 -> 29400000
B47: - 02 Uang Transport Kegiatan Dalam Kabupaten/Kota Pergi Pulang (PP) [60 ORG x 2 KL] | E47: OK | F47: 120 | G47: OK | H47: 170000 | I47: =F47*H47 -> 20400000
A48: C | B48: Visitasi dan Pleno Evaluasi Rekomendasi (20 Rekomendasi) | I48: =I49+I53+I56 -> 88620000
A49: 521211 | B49: Belanja Bahan | I49: =SUM(I50:I52) -> 22980000
B50: - 01 Makan Rapat Biasa D.K.I. JAKARTA [14 ORG x 2 x 10 KL ] | E50: OK | F50: 280 | G50: OK | H50: 57000 | I50: =F50*H50 -> 15960000
B51: - 02 Snack Rapat Biasa D.K.I. JAKARTA [14 ORG x 2 x 10 KL ] | E51: OK | F51: 280 | G51: OK | H51: 24000 | I51: =F51*H51 -> 6720000
B52: - 06 Bahan Habis Pakai | E52: PKT | F52: 1 | G52: PKT | H52: 300000 | I52: =F52*H52 -> 300000
A53: 524111 | B53: Belanja Perjalanan Dinas Biasa | I53: =SUM(I54:I55) -> 42840000
B54: - 01 Uang Harian Perjalanan Dinas Luar Kota (Jawa Barat) [6 ORG x 10 HR] | E54: OH | F54: 60 | G54: OH | H54: 430000 | I54: =F54*H54 -> 25800000
B55: - 02 Satuan biaya transportasi jakarta ke kota bekasi [6 ORG x 10 KL] | E55: OK | F55: 60 | G55: OK | H55: 284000 | I55: =F55*H55 -> 17040000
A56: 524113 | B56: Belanja Perjalanan Dinas Dalam Kota | I56: =SUM(I57:I58) -> 22800000
B57: - 01 Uang Harian Perjalanan Dinas Dalam Kota Lebih dari 8 Jam (D.K.I. Jakarta) [6 ORG x 10 KL] | E57: OH | F57: 60 | G57: OH | H57: 210000 | I57: =F57*H57 -> 12600000
B58: - 02 Uang Transport Kegiatan Dalam Kabupaten/Kota Pergi Pulang (PP) [6 ORG x 10 KL] | E58: OK | F58: 60 | G58: OK | H58: 170000 | I58: =F58*H58 -> 10200000
E60: Penanggung Jawab Kegiatan | G60: Penanggung Jawab Kegiatan
E65: Henri Tambunan | G65: Henri Tambunan
E66: NIP 196811261994031001 | G66: NIP 196811261994031001

Sheet RAB 7733.BEJ.001
A1: RINCIAN ANGGARAN BIAYA
A3: Kementerian/Lembaga | B3: : Kementerian Pendidikan Tinggi, Sains dan Teknologi
A4: Unit eselon II/Satker | B4: : Lembaga Layanan Pendidikan Tinggi Wilayah III DKI Jakarta
A5: Kegiatan | B5: : Pembinaan Kelembagaan Pendidikan Tinggi
A6: Sasaran Kegiatan | B6: : Bantuan Pendidikan Tinggi
A7: Indikator kinerja kegiatan | B7: : Tunjangan Sertifikasi Dosen dan Guru Besar Non PNS
A8: Klasifikasi Rincian Output | B8: : Bantuan Pendidikan Tinggi
A9: Rincian Output | B9: : Dosen Non PNS yang Menerima Tunjangan Profesi
A10: Volume RO | B10: : 10.543
A11: Satuan RO | B11: : Orang
A12: Alokasi Dana | B12: : Rp. 407.858.073.000
A15: Kode | B15: Uraian RO/Komponen/Subkomponen/Akun/Detil | C15: Volume Rincian Output | D15: Jenis Komponen (Utama/Pendukung) | E15: Rincian Perhitungan | G15: Harga Satuan | H15: Jumlah
E16: Sat. | F16: jml
A17: 7733.BEJ.001 | B17: Dosen Non PNS yang Menerima Tunjangan Profesi | C17: 10543 | E17: Orang | H17: =H18 -> 407858073000
A18: 004 | B18: Dukungan Operasional Penyelenggaraan Pendidikan | D18: Utama | H18: =H19 -> 407858073000
A19: A | B19: Tunjangan Sertifikasi Dosen dan Guru Besar Non PNS | H19: =H20 -> 407858073000
A20: 511521 | B20: Belanja Tunjangan Tenaga Pendidik Non PNS | H20: =SUM(H21:H57) -> 407858073000
B21: - Tunjangan Profesi Dosen Non PNS Lulus 2008 350 ORG x 12 BLN | E21: OB | F21: 4200 | G21: 3200000 | H21: =F21*G21 -> 13440000000
B22: - Tunjangan Profesi Dosen Non PNS Lulus 2009 374 ORG x 12 BLN | E22: OB | F22: 4488 | G22: 3200000 | H22: =F22*G22 -> 14361600000
B23: - Tunjangan Profesi Dosen Non PNS Lulus 2010 747 ORG x 12 BLN | E23: OB | F23: 8964 | G23: 3100000 | H23: =F23*G23 -> 27788400000
B24: - Tunjangan Profesi Dosen Non PNS Lulus 2011 747 ORG x 12 BLN | E24: OB | F24: 8964 | G24: 3200000 | H24: =F24*G24 -> 28684800000
B25: - Tunjangan Profesi Dosen Non PNS Lulus 2012 550 ORG x 12 BLN | E25: OB | F25: 6600 | G25: 3400000 | H25: =F25*G25 -> 22440000000
B26: - Tunjangan Profesi Dosen Non PNS Lulus 2013 504 ORG x 12 BLN | E26: OB | F26: 6048 | G26: 3500000 | H26: =F26*G26 -> 21168000000
B27: - Tunjangan Profesi Dosen Non PNS Lulus 2014 617 ORG x 12 BLN | E27: OB | F27: 7404 | G27: 3500000 | H27: =F27*G27 -> 25914000000
B28: - Tunjangan Profesi Dosen Non PNS Lulus 2015 617 ORG x 12 BLN | E28: OB | F28: 7404 | G28: 3500000 | H28: =F28*G28 -> 25914000000
B29: - Tunjangan Profesi Dosen Non PNS Lulus 2016 535 ORG x 12 BLN | E29: OB | F29: 6420 | G29: 3500000 | H29: =F29*G29 -> 22470000000
B30: - Tunjangan Profesi Dosen Non PNS Lulus 2017 831 ORG x 12 BLN | E30: OB | F30: 9972 | G30: 3500000 | H30: =F30*G30 -> 34902000000
B31: - Tunjangan Profesi Dosen Non PNS Lulus 2018 992 ORG x 12 BLN | E31: OB | F31: 11064 | G31: 3500000 | H31: =F31*G31 -> 38724000000
B32: - Tunjangan Profesi Dosen Non PNS Lulus 2019 922 ORG x 12 BLN | E32: OB | F32: 11064 | G32: 3500000 | H32: =F32*G32 -> 38724000000
... B56: - Tunjangan Kehormatan Profesor Non PNS Lulus 2016 3 ORG x 12 BLN | E56: OB | F56: 36 | G56: 7528000 | H56: =F56*G56 -> 271008000
B57: - Tunjangan Kehormatan Profesor Non PNS Lulus 2017 1 ORG x 1 BLN | E57: OB | F57: 1 | G57: =7469000+184000 -> 7653000 | H57: =F57*G57 -> 7653000
F60: Penanggung Jawab Kegiatan
F65: Henri Tambunan
F66: NIP 196811261994031001

Sheet 6392.EBB.951
A1: RINCIAN ANGGARAN BELANJA
A3: Kementerian/Lembaga | B3: : Kementerian Pendidikan, Kebudayaan, Riset, dan Teknologi
A4: Unit eselon II/Satker | B4: : Lembaga Layanan Pendidikan Tinggi Wilayah III DKI Jakarta
A5: Kegiatan | B5: : Dukungan Manajemen Layanan Pendidikan Tinggi
A6: Sasaran Kegiatan | B6: : Meningkatnya kualitas perencanaan di lingkungan Kemendikbud
A7: Indikator kinerja kegiatan | B7: : Layanan Sarana dan Prasarana Internal
A9: Klasifikasi Rincian Output | B9: : Layanan Sarana Internal
A10: Indikator KRO | B10: : Alat Pengolah Data dan Komunikasi
A12: Volume | B12: : 1
A13: Satuan Ukur | B13: : Unit
A14: Alokasi Dana | B14: : Rp. 184.289.000
A16: KODE | B16: DESKRIPSI | C16: Volume | D16: SATUAN | E16: Harga Satuan | F16: Jumlah Biaya
A18: 6392.EBB.951 | B18: Layanan Sarana Internal | C18: 1 | D18: Unit | F18: =F19 -> 184289000
A19: 996 | B19: Alat Pengolah Data dan Komunikasi | F19: =F20 -> 184289000
A20: A | B20: Alat Pengolah Data dan Komunikasi | F20: =F21 -> 184289000
A21: 532111 | B21: Belanja Modal Peralatan dan Mesin | F21: =SUM(F22:F22) -> 184289000
B22: - Pengadaan Peralatan TIK | C22: 1 | D22: PAKET | E22: 184289000 | F22: =C22*E22 -> 184289000
C24: Penanggung Jawab Kegiatan
C29: Toni Toharudin
C30: NIP 197004011995121001

Sheet 6392.EBA.962
A1: RINCIAN ANGGARAN BELANJA
A3: Kementerian/Lembaga | B3: : Kementerian Pendidikan, Kebudayaan, Riset, dan Teknologi
A4: Unit eselon II/Satker | B4: : Lembaga Layanan Pendidikan Tinggi Wilayah III DKI Jakarta
A5: Kegiatan | B5: : Dukungan Manajemen Layanan Pendidikan Tinggi
A6: Sasaran Kegiatan | B6: : Meningkatnya kualitas perencanaan di lingkungan Kemendikbud
A7: Indikator kinerja kegiatan | B7: : 1. Predikat SAKIP Lembaga layanan Pendidikan Tinggi
B8: 2. Rata-rata nilai evaluasi kinerja anggaran Satker di Kemendikbud minimum kategori baik
A9: Klasifikasi Rincian Output | B9: : Layanan Dukungan Manajemen Internal
A10: Indikator KRO | B10: : 1. Layanan Perkantoran
B11: 2. Layanan Umum
A12: Volume | B12: : 1
A13: Satuan Ukur | B13: : Layanan
A14: Alokasi Dana | B14: : Rp. 464.230.000
A16: KODE | B16: DESKRIPSI | C16: Volume | D16: SATUAN | E16: Harga Satuan | F16: Jumlah Biaya
A18: 6392.EBA.962 | B18: Layanan Umum | C18: 1.0 Layanan | D18: Layanan | F18: 464230000
A19: 051 | B19: Umum dan Rumah Tangga Satker | F19: 464230000
A20: A | B20: Penguatan Manajemen Perencanaan dan Keuangan LLDIKTI | F20: 50050000
A21: 521211 | B21: Belanja Bahan | F21: 8125000
B22: - 01 Makan Rapat Biasa D.K.I. JAKARTA | C22: 75 | D22: OK | E22: 57000 | F22: 4275000
B23: - 02 Snack Rapat Biasa D.K.I. JAKARTA | C23: 75 | D23: OK | E23: 24000 | F23: 1800000
B24: - 04 Spanduk dan Media Publikasi Lainnya | C24: 1 | D24: KEG | E24: 1000000 | F24: 1000000
B25: - 05 Penggandaan dan Penjilidan Laporan | C25: 1 | D25: KEG | E25: 500000 | F25: 500000
B26: - 06 Bahan Habis Pakai | C26: 1 | D26: KEG | E26: 550000 | F26: 550000
A27: 521213 | B27: Belanja Honor Output Kegiatan | F27: 4150000
B28: - 01 Honorarium Penanggung Jawab Panitia Seminar/Rakor/Sosialisai/Diseminasi/FGD | C28: 1 | D28: OK | E28: 450000 | F28: 450000
B29: - 02 Honorarium Ketua/Wakil ketua Panitia Seminar/Rakor/Sosialisai/Diseminasi/FGD | C29: 1 | D29: OK | E29: 400000 | F29: 400000
B30: - 03 Honorarium Sekretaris Panitia Seminar/Rakor/Sosialisai/Diseminasi/FGD | C30: 1 | D30: OK | E30: 300000 | F30: 300000
B31: - 04 Honorarium Anggota Panitia Seminar/Rakor/Sosialisai/Diseminasi/FGD | C31: 10 | D31: OK | E31: 300000 | F31: 3000000
A32: 522151 | B32: Belanja Jasa Profesi | F32: 18800000
B33: - 01 Honorarium Narasumber (Pejabat Eselon II) [4 ORG x 2 JAM x 2 HR] | C33: 16 | D33: OJ | E33: 1000000 | F33: 16000000
B34: - 02 Honorarium Moderator [2 ORG x 2 KL] | C34: 4 | D34: ORKAL | E34: 700000 | F34: 2800000
A35: 524111 | B35: Belanja Perjalanan Dinas Biasa | F35: 18975000
B36: - 01 Uang Harian Perjalanan Dinas Luar Kota (Jawa Barat) 12[ ORG x 1 HR] | C36: 10 | D36: OH | E36: 430000 | F36: 4300000
B37: - 02 Uang Harian Perjalanan Dinas Fullboard (Jawa Barat) [12 ORG x 1 KL] | C37: 25 | D37: OH | E37: 130000 | F37: 3250000
B38: - 03 Uang Harian Perjalanan Dinas Fullday (Jawa Barat) [15 ORG x 1 KL] | C38: 15 | D38: OH | E38: 95000 | F38: 1425000
B39: - 02 Satuan biaya transportasi jakarta ke kota bekasi [25 ORG x 2 KL] | C39: 50 | D39: OK | E39: 200000 | F39: 10000000
A40: B | B40: Peningkatan Kualitas Kearsipan | F40: 50455000
A41: 521211 | B41: Belanja Bahan | F41: 8530000
B42: - 01 Makan Rapat Biasa D.K.I. JAKARTA | C42: 80 | D42: OK | E42: 57000 | F42: 4560000
B43: - 02 Snack Rapat Biasa D.K.I. JAKARTA | C43: 80 | D43: OK | E43: 24000 | F43: 1920000
B44: - 04 Spanduk dan Media Publikasi Lainnya | C44: 1 | D44: KEG | E44: 1000000 | F44: 1000000
B45: - 05 Penggandaan dan Penjilidan Laporan | C45: 1 | D45: KEG | E45: 500000 | F45: 500000
B46: - 06 Bahan Habis Pakai | C46: 1 | D46: KEG | E46: 550000 | F46: 550000
A47: 521213 | B47: Belanja Honor Output Kegiatan | F47: 4150000
B48: - 01 Honorarium Penanggung Jawab Panitia Seminar/Rakor/Sosialisai/Diseminasi/FGD | C48: 1 | D48: OK | E48: 450000 | F48: 450000
B49: - 02 Honorarium Ketua/Wakil ketua Panitia Seminar/Rakor/Sosialisai/Diseminasi/FGD | C49: 1 | D49: OK | E49: 400000 | F49: 400000
B50: - 03 Honorarium Sekretaris Panitia Seminar/Rakor/Sosialisai/Diseminasi/FGD | C50: 1 | D50: OK | E50: 300000 | F50: 300000
B51: - 04 Honorarium Anggota Panitia Seminar/Rakor/Sosialisai/Diseminasi/FGD | C51: 10 | D51: OK | E51: 300000 | F51: 3000000
A52: 522151 | B52: Belanja Jasa Profesi | F52: 18800000
B53: - 01 Honorarium Narasumber (Pejabat Eselon II) [4 ORG x 2 JAM x 2 HR] | C53: 16 | D53: OJ | E53: 1000000 | F53: 16000000
B54: - 02 Honorarium Moderator [2 ORG x 2 KL] | C54: 4 | D54: ORKAL | E54: 700000 | F54: 2800000
A55: 524111 | B55: Belanja Perjalanan Dinas Biasa | F55: 18975000
B56: - 01 Uang Harian Perjalanan Dinas Luar Kota (Jawa Barat) 12[ ORG x 1 HR] | C56: 10 | D56: OH | E56: 430000 | F56: 4300000
B57: - 02 Uang Harian Perjalanan Dinas Fullboard (Jawa Barat) [12 ORG x 1 KL] | C57: 25 | D57: OH | E57: 130000 | F57: 3250000
B58: - 03 Uang Harian Perjalanan Dinas Fullday (Jawa Barat) [15 ORG x 1 KL] | C58: 15 | D58: OH | E58: 95000 | F58: 1425000
B59: - 02 Satuan biaya transportasi jakarta ke kota bekasi [25 ORG x 2 KL] | C59: 50 | D59: OK | E59: 200000 | F59: 10000000
A60: C | B60: Pembinaan dan Evaluasi Kinerja Pegawai | F60: 363725000
A61: 521211 | B61: Belanja Bahan | F61: 45025000
B62: - 01 Makan Rapat Biasa D.K.I. JAKARTA [25 ORG x 2 KL x 10 KEG ] | C62: 500 | D62: OK | E62: 57000 | F62: 28500000
B63: - 02 Snack Rapat Biasa D.K.I. JAKARTA [25 ORG x 2 KL x 10 KEG ] | C63: 500 | D63: OK | E63: 24000 | F63: 12000000
B64: - 04 Spanduk dan Media Publikasi Lainnya | C64: 2 | D64: KEG | E64: 1000000 | F64: 2000000
B65: - 05 Penggandaan dan Penjilidan Laporan | C65: 2 | D65: KEG | E65: 1000000 | F65: 2000000
B66: - 03 Bahan Habis Pakai | C66: 1 | D66: KEG | E66: 525000 | F66: 525000
A67: 522151 | B67: Belanja Jasa Profesi | F67: 50800000
B68: - 01 Honorarium Narasumber (Pejabat Eselon II) [4 ORG x 4 JAM x 3 HR] | C68: 48 | D68: OJ | E68: 1000000 | F68: 48000000
B69: - 02 Honorarium Moderator [2 ORG x 2 KL] | C69: 4 | D69: ORKAL | E69: 700000 | F69: 2800000
A70: 524113 | B70: Belanja Perjalanan Dinas Dalam Kota | F70: 36480000
B71: - 01 Uang Harian Perjalanan Dinas Dalam Kota Lebih dari 8 Jam (D.K.I. Jakarta) [12 ORG x 8 KL] | C71: 96 | D71: OH | E71: 210000 | F71: 20160000
B72: - 02 Uang Transport Kegiatan Dalam Kabupaten/Kota Pergi Pulang (PP) [12 ORG x 8 KL] | C72: 96 | D72: OK | E72: 170000 | F72: 16320000
A73: 524111 | B73: Belanja Perjalanan Dinas Biasa | F73: 231420000
B74: - 01 Uang Harian Perjalanan Dinas Luar Kota (Jawa Barat) [60 ORG x 3 HR] | C74: 180 | D74: OH | E74: 430000 | F74: 77400000
B75: - 02 Satuan biaya transportasi jakarta ke Jawa Barat[60 ORG x 2 KL ] | C75: 180 | D75: OK | E75: 284000 | F75: 51120000
B76: - 03 Biaya Penginapan Luar Kota [75 ORG x 2 HR] | C76: 150 | D76: OK | E76: 686000 | F76: 102900000
C79: Penanggung Jawab Kegiatan
C84: Toni Toharudin
C85: NIP 197004011995121001

Sheet RAB 7735.EBA.962
A1: RINCIAN ANGGARAN BIAYA
A3: Kementerian/Lembaga | B3: : Kementerian Pendidikan Tinggi, Sains dan Teknologi
A4: Unit eselon II/Satker | B4: : Lembaga Layanan Pendidikan Tinggi Wilayah III DKI Jakarta
A5: Kegiatan | B5: : Pengelolaan Lembaga Layanan Penddikan Tinggi
A6: Sasaran Kegiatan | B6: : Meningkatnya Tata Kelola Lembaga Layanan Pendidikan Tinggi
A7: Indikator kinerja kegiatan | B7: : - Predikat Sakip LLDikti - Nilai Kinerja Anggaran
A8: Klasifikasi Rincian Output | B8: : Layanan Dukungan Manajemen Internal
A9: Rincian Output | B9: : Layanan Umum
A10: Volume RO | B10: : 1
A11: Satuan RO | B11: : Layanan
A12: Alokasi Dana | B12: : Rp. 193.288.000
A15: Kode | B15: Uraian RO/Komponen/Subkomponen/Akun/Detil | C15: Volume Rincian Output | D15: Jenis Komponen (Utama/Pendukung) | E15: Rincian Perhitungan | H15: Harga Satuan | I15: Jumlah
E16: Sat. | F16: Jml | G16: jml
A17: 7735.EBA.962 | B17: Layanan Umum | C17: 1 Layanan | E17: Layanan | F17: 1.0 Layanan | G17: Layanan | I17: =I18 -> 193288000
A18: 051 | B18: Umum dan Rumah Tangga Satker | D18: Utama | I18: =I19+I31+I48 -> 193288000
A19: A | B19: Penguatan Manajemen Perencanaan dan Keuangan LLDIKTI | I19: =I20+I23+I28+I25 -> 48920000
A20: 521211 | B20: Belanja Bahan | I20: =SUM(I21:I22) -> 8100000
B21: - 01 Makan Rapat Biasa D.K.I. JAKARTA | E21: OK | F21: 100 | G21: OK | H21: 57000 | I21: =F21*H21 -> 5700000
B22: - 02 Snack Rapat Biasa D.K.I. JAKARTA | E22: OK | F22: 100 | G22: OK | H22: 24000 | I22: =F22*H22 -> 2400000
A23: 522151 | B23: Belanja Jasa Profesi | I23: =SUM(I24:I24) -> 12000000
B24: - 01 Honorarium Narasumber (Pejabat Eselon II) [2 ORG x 3 JAM x 2 HR] | E24: OJ | F24: 12 | G24: OJ | H24: 1000000 | I24: =F24*H24 -> 12000000
A25: 524111 | B25: Belanja Perjalanan Dinas Biasa | I25: =SUM(I26:I27) -> 8300000
B26: - 01 Uang Harian Perjalanan Dinas Luar Kota (Jawa Barat) [5 ORG x 2 KL] | E26: OH | F26: 10 | G26: OH | H26: 430000 | I26: =F26*H26 -> 4300000
B27: - 02 Satuan biaya transportasi jakarta ke kota bekasi [5 ORG x 2 KL x 2 KEG] | E27: OK | F27: 20 | G27: OK | H27: 200000 | I27: =F27*H27 -> 4000000
A28: 524113 | B28: Belanja Perjalanan Dinas Dalam Kota | I28: =SUM(I29:I30) -> 20520000
B29: - 01 Uang Harian Perjalanan Dinas Dalam Kota Lebih dari 8 Jam (D.K.I. Jakarta) [6 ORG x 3 KL x 3 Keg] | E29: OH | F29: 54 | G29: OH | H29: 210000 | I29: =F29*H29 -> 11340000
B30: - 02 Uang Transport Kegiatan Dalam Kabupaten/Kota Pergi Pulang (PP) [6 ORG x 3 KL x 3 Keg] | E30: OK | F30: 54 | G30: OK | H30: 170000 | I30: =F30*H30 -> 9180000
A31: B | B31: Peningkatan Kualitas Kearsipan | I31: =I32+I35+I40+I45+I42 -> 51570000
A32: 521211 | B32: Belanja Bahan | I32: =SUM(I33:I34) -> 8100000
B33: - 01 Makan Rapat Biasa D.K.I. JAKARTA | E33: OK | F33: 100 | G33: OK | H33: 57000 | I33: =F33*H33 -> 5700000
B34: - 02 Snack Rapat Biasa D.K.I. JAKARTA | E34: OK | F34: 100 | G34: OK | H34: 24000 | I34: =F34*H34 -> 2400000
A35: 521213 | B35: Belanja Honor Output Kegiatan | I35: =SUM(I36:I39) -> 2650000
B36: - 01 Honorarium Penanggung Jawab Panitia Seminar/Rakor/Sosialisai/Diseminasi/FGD | E36: OK | F36: 1 | G36: OK | H36: 450000 | I36: =F36*H36 -> 450000
B37: - 02 Honorarium Ketua/Wakil ketua Panitia Seminar/Rakor/Sosialisai/Diseminasi/FGD | E37: OK | F37: 1 | G37: OK | H37: 400000 | I37: =F37*H37 -> 400000
B38: - 03 Honorarium Sekretaris Panitia Seminar/Rakor/Sosialisai/Diseminasi/FGD | E38: OK | F38: 1 | G38: OK | H38: 300000 | I38: =F38*H38 -> 300000
B39: - 04 Honorarium Anggota Panitia Seminar/Rakor/Sosialisai/Diseminasi/FGD | E39: OK | F39: 5 | G39: OK | H39: 300000 | I39: =F39*H39 -> 1500000
A40: 522151 | B40: Belanja Jasa Profesi | I40: =SUM(I41:I41) -> 12000000
B41: - 01 Honorarium Narasumber (Pejabat Eselon II) [2 ORG x 3 JAM x 2 HR] | E41: OJ | F41: 12 | G41: OJ | H41: 1000000 | I41: =F41*H41 -> 12000000
A42: 524111 | B42: Belanja Perjalanan Dinas Biasa | I42: =SUM(I43:I44) -> 8300000
B43: - 01 Uang Harian Perjalanan Dinas Luar Kota (Jawa Barat) [5 ORG x 2 KL] | E43: OH | F43: 10 | G43: OH | H43: 430000 | I43: =F43*H43 -> 4300000
B44: - 02 Satuan biaya transportasi jakarta ke kota bekasi [5 ORG x 2 KL x 2 KEG] | E44: OK | F44: 20 | G44: OK | H44: 200000 | I44: =F44*H44 -> 4000000
A45: 524113 | B45: Belanja Perjalanan Dinas Dalam Kota | I45: =SUM(I46:I47) -> 20520000
B46: - 01 Uang Harian Perjalanan Dinas Dalam Kota Lebih dari 8 Jam (D.K.I. Jakarta) [6 ORG x 3 KL x 3 Keg] | E46: OH | F46: 54 | G46: OH | H46: 210000 | I46: =F46*H46 -> 11340000
B47: - 02 Uang Transport Kegiatan Dalam Kabupaten/Kota Pergi Pulang (PP) [6 ORG x 3 KL x 3 Keg] | E47: OK | F47: 54 | G47: OK | H47: 170000 | I47: =F47*H47 -> 9180000
A48: C | B48: Pembinaan dan Evaluasi Kinerja Pegawai | I48: =I49+I53+I60+I56 -> 92798000
A49: 521211 | B49: Belanja Bahan | I49: =SUM(I50:I52) -> 12238000
B50: - 01 Makan Rapat Biasa D.K.I. JAKARTA [15 ORG x 2 KL x 5 KEG ] | E50: OK | F50: 150 | G50: OK | H50: 57000 | I50: =F50*H50 -> 8550000
B51: - 02 Snack Rapat Biasa D.K.I. JAKARTA [15 ORG x 2 KL x 5 KEG ] | E51: OK | F51: 150 | G51: OK | H51: 24000 | I51: =F51*H51 -> 3600000
B52: - 03 Bahan Habis Pakai | E52: KEG | F52: 1 | G52: KEG | H52: =1179000-654000-100000-337000 -> 88000 | I52: =F52*H52 -> 88000
A53: 522151 | B53: Belanja Jasa Profesi | I53: =SUM(I54:I55) -> 10800000
B54: - 01 Honorarium Narasumber (Pejabat Eselon II) [2 ORG x 2 JAM x 2 KEG] | E54: OJ | F54: 8 | G54: OJ | H54: 1000000 | I54: =F54*H54 -> 8000000
B55: - 02 Honorarium Moderator [2 ORG x 2 KL] | E55: ORKAL | F55: 4 | G55: ORKAL | H55: 700000 | I55: =F55*H55 -> 2800000
A56: 524111 | B56: Belanja Perjalanan Dinas Biasa | I56: =SUM(I57:I59) -> 33280000
B57: - 01 Uang Harian Perjalanan Dinas Luar Kota (Jawa Barat) [10 ORG x 3 HR] | E57: OH | F57: 30 | G57: OH | H57: 430000 | I57: =F57*H57 -> 12900000
B58: - 02 Satuan biaya transportasi jakarta ke Jawa Barat [10 ORG x 2 KL ] | E58: OK | F58: 20 | G58: OK | H58: 284000 | I58: =F58*H58 -> 5680000
B59: - 03 Biaya Penginapan Luar Kota [10 ORG x 2 HR] | E59: OK | F59: 20 | G59: OK | H59: 735000 | I59: =F59*H59 -> 14700000
A60: 524113 | B60: Belanja Perjalanan Dinas Dalam Kota | I60: =SUM(I61:I62) -> 36480000
B61: - 01 Uang Harian Perjalanan Dinas Dalam Kota Lebih dari 8 Jam (D.K.I. Jakarta) [12 ORG x 8 KL] | E61: OH | F61: 96 | G61: OH | H61: 210000 | I61: =F61*H61 -> 20160000
B62: - 02 Uang Transport Kegiatan Dalam Kabupaten/Kota Pergi Pulang (PP) [12 ORG x 8 KL] | E62: OK | F62: 96 | G62: OK | H62: 170000 | I62: =F62*H62 -> 16320000
F65: Penanggung Jawab Kegiatan
F70: Henri Tambunan
F71: NIP 196811261994031001

Sheet RAB 7735.EBA.994
A1: RINCIAN ANGGARAN BIAYA
A3: Kementerian/Lembaga | B3: : Kementerian Pendidikan Tinggi, Sains dan Teknologi
A4: Unit eselon II/Satker | B4: : Lembaga Layanan Pendidikan Tinggi Wilayah III DKI Jakarta
A5: Kegiatan | B5: : Dukungan Manajemen Layanan Pendidikan Tinggi
A6: Sasaran Kegiatan | B6: : Meningkatnya kualitas perencanaan di lingkungan Kemendikbud
A7: Indikator kinerja kegiatan | B7: : 1. Predikat SAKIP Lembaga Layanan Pendidikan Tinggi 2. Rata-rata nilai evaluasi kinerja anggaran Satker di Kemendikbud minimum kategori baik
A8: Klasifikasi Rincian Output | B8: : Layanan Dukungan Manajemen Internal
A9: Rincian Output | B9: : 1. Layanan Perkantoran 2. Layanan Umum
A10: Volume RO | B10: : 1
A11: Satuan RO | B11: : Layanan
A12: Alokasi Dana | B12: : Rp. 120.481.552.000
A14: Kode | B14: Uraian RO/Komponen/Subkomponen/Akun/Detil | C14: Volume Rincian Output | D14: Jenis Komponen (Utama/Pendukung) | E14: Rincian Perhitungan | H14: Harga Satuan | I14: Jumlah
E15: Sat. | F15: Jml | G15: jml
A16: 7735.EBA.994 | B16: Layanan Perkantoran | C16: 1 | E16: Layanan | F16: 1.0 Layanan | G16: Layanan | I16: =I17+I123 -> 120481552000
A17: 001 | B17: Gaji dan Tunjangan | D17: Utama | I17: =I18+I120 -> 114082512000
A18: A | B18: Pembayaran Gaji dan Tunjangan | I18: =I19+I23+I27+I31+I35+I39+I43+I47+I49+I53+I57+I82+I92+I94+I96+I98+I100+I102+I104+I106+I113+I116+I118 -> 79468504000
A19: 511111 | B19: Belanja Gaji Pokok PNS | I19: =SUM(I20:I22) -> 29400000000
B20: - Belanja Gaji Pokok PNS | E20: TAHUN | F20: 1 | G20: TAHUN | H20: 20580000000 | I20: =F20*H20 -> 20580000000
B21: - Belanja Gaji Pokok PNS (gaji ke 13) | E21: BULAN | F21: 1 | G21: BULAN | H21: 4410000000 | I21: =F21*H21 -> 4410000000
B22: - Belanja Gaji Pokok PNS (THR) | E22: BULAN | F22: 1 | G22: BULAN | H22: 4410000000 | I22: =F22*H22 -> 4410000000
A23: 511119 | B23: Belanja Pembulatan Gaji PNS | I23: =SUM(I24:I26) -> 433000
B24: - Belanja Pembulatan Gaji PNS | E24: TAHUN | F24: 1 | G24: TAHUN | H24: 349000 | I24: =F24*H24 -> 349000
B25: - Belanja Pembulatan Gaji PNS (gaji ke 13) | E25: BULAN | F25: 1 | G25: BULAN | H25: 42000 | I25: =F25*H25 -> 42000
B26: - Belanja Pembulatan Gaji PNS (THR) | E26: BULAN | F26: 1 | G26: BULAN | H26: 42000 | I26: =F26*H26 -> 42000
A27: 511121 | B27: Belanja Tunj. Suami/Istri PNS | I27: =SUM(I28:I30) -> 2240000000
B28: - Belanja Tunj. Suami/Istri PNS | E28: TAHUN | F28: 1 | G28: TAHUN | H28: 1836800000 | I28: =F28*H28 -> 1836800000
B29: - Belanja Tunj. Suami/Istri PNS (gaji ke 13) | E29: BULAN | F29: 1 | G29: BULAN | H29: 201600000 | I29: =F29*H29 -> 201600000
B30: - Belanja Tunj. Suami/Istri PNS (THR) | E30: BULAN | F30: 1 | G30: BULAN | H30: 201600000 | I30: =F30*H30 -> 201600000
A31: 511122 | B31: Belanja Tunj. Anak PNS | I31: =SUM(I32:I34) -> 308000000
B32: - Belanja Tunj. Anak PNS | E32: TAHUN | F32: 1 | G32: TAHUN | H32: 264000000 | I32: =F32*H32 -> 264000000
B33: - Belanja Tunj. Anak PNS (gaji ke 13) | E33: BULAN | F33: 1 | G33: BULAN | H33: 22000000 | I33: =F33*H33 -> 22000000
B34: - Belanja Tunj. Anak PNS (THR) | E34: BULAN | F34: 1 | G34: BULAN | H34: 22000000 | I34: =F34*H34 -> 22000000
A35: 511123 | B35: Belanja Tunj. Struktural PNS | I35: =SUM(I36:I38) -> 70000000
B36: - Belanja Tunj. Struktural PNS | E36: TAHUN | F36: 1 | G36: TAHUN | H36: 60000000 | I36: =F36*H36 -> 60000000
B37: - Belanja Tunj. Struktural PNS (gaji ke 13) | E37: BULAN | F37: 1 | G37: BULAN | H37: 5000000 | I37: =F37*H37 -> 5000000
B38: - Belanja Tunj. Struktural PNS (THR) | E38: BULAN | F38: 1 | G38: BULAN | H38: 5000000 | I38: =F38*H38 -> 5000000
A39: 511124 | B39: Belanja Tunj. Fungsional PNS | I39: =SUM(I40:I42) -> 4200000000
B40: - Belanja Tunj. Fungsional PNS | E40: TAHUN | F40: 1 | G40: TAHUN | H40: 3600000000 | I40: =F40*H40 -> 3600000000
B41: - Belanja Tunj. Fungsional PNS (gaji ke 13) | E41: BULAN | F41: 1 | G41: BULAN | H41: 300000000 | I41: =F41*H41 -> 300000000
B42: - Belanja Tunj. Fungsional PNS (THR) | E42: BULAN | F42: 1 | G42: BULAN | H42: 300000000 | I42: =F42*H42 -> 300000000
A43: 511125 | B43: Belanja Tunj. PPh PNS | I43: =SUM(I44:I46) -> 399991000
B44: - Belanja Tunj. PPh PNS | E44: TAHUN | F44: 1 | G44: TAHUN | H44: 354763000 | I44: =F44*H44 -> 354763000
B45: - Belanja Tunj. PPh PNS (gaji ke 13) | E45: BULAN | F45: 1 | G45: BULAN | H45: 22614000 | I45: =F45*H45 -> 22614000
B46: - Belanja Tunj. PPh PNS (THR) | E46: BULAN | F46: 1 | G46: BULAN | H46: 22614000 | I46: =F46*H46 -> 22614000
A47: 511126 | B47: Belanja Tunj. Beras PNS | I47: =I48 -> 1050000000
B48: - Belanja Tunj. Beras PNS | E48: TAHUN | F48: 1 | G48: TAHUN | H48: 1050000000 | I48: =F48*H48 -> 1050000000
A49: 511129 | B49: Belanja Uang Makan PNS | I49: =SUM(I50:I52) -> 3839997000
B50: - Uang Makan PNS Golongan IV | E50: OH | F50: 42519 | G50: OH | H50: 41000 | I50: =F50*H50 -> 1743279000
B51: - Uang Makan PNS Golongan III | E51: OH | F51: 54254 | G51: OH | H51: 37000 | I51: =F51*H51 -> 2007398000
B52: - Uang Makan PNS Golongan I dan II | E52: OH | F52: 2552 | G52: OH | H52: 35000 | I52: =F52*H52 -> 89320000
A53: 511151 | B53: Belanja Tunjangan Umum PNS | I53: =SUM(I54:I56) -> 116060000
B54: - Belanja Tunjangan Umum PNS | E54: TAHUN | F54: 1 | G54: TAHUN | H54: 99480000 | I54: =F54*H54 -> 99480000
B55: - Belanja Tunjangan Umum PNS (gaji ke 13) | E55: BULAN | F55: 1 | G55: BULAN | H55: 8290000 | I55: =F55*H55 -> 8290000
B56: - Belanja Tunjangan Umum PNS (THR) | E56: BULAN | F56: 1 | G56: BULAN | H56: 8290000 | I56: =F56*H56 -> 8290000
A57: 511153 | B57: Belanja Tunjangan Profesi Dosen | I57: =SUM(I58:I81) -> 22800000000
B58: - Tunjangan Profesi Dosen PNS Lulus 2008 26 ORG x 12 BLN | E58: OB | F58: 312 | G58: OB | H58: 3500000 | I58: =F58*H58 -> 1092000000
B59: - Tunjangan Profesi Dosen PNS Lulus 2009 51 ORG x 12 BLN | E59: OB | F59: 612 | G59: OB | H59: 3500000 | I59: =F59*H59 -> 2142000000
B60: - Tunjangan Profesi Dosen PNS Lulus 2010 29 ORG x 12 BLN | E60: OB | F60: 348 | G60: OB | H60: 3500000 | I60: =F60*H60 -> 1218000000
B61: - Tunjangan Profesi Dosen PNS Lulus 2011 72 ORG x 12 BLN | E61: OB | F61: 864 | G61: OB | H61: 3500000 | I61: =F61*H61 -> 3024000000
B62: - Tunjangan Profesi Dosen PNS Lulus 2012 43 ORG x 12 BLN | E62: OB | F62: 516 | G62: OB | H62: 4000000 | I62: =F62*H62 -> 2064000000
B63: - Tunjangan Profesi Dosen PNS Lulus 2013 24 ORG x 12 BLN | E63: OB | F63: 288 | G63: OB | H63: 4000000 | I63: =F63*H63 -> 1152000000
B64: - Tunjangan Profesi Dosen PNS Lulus 2014 12 ORG x 12 BLN | E64: OB | F64: 144 | G64: OB | H64: 4100000 | I64: =F64*H64 -> 590400000
B65: - Tunjangan Profesi Dosen PNS Lulus 2015 33 ORG x 12 BLN | E65: OB | F65: 396 | G65: OB | H65: 4500000 | I65: =F65*H65 -> 1782000000
B66: - Tunjangan Profesi Dosen PNS Lulus 2016 12 ORG x 12 BLN | E66: OB | F66: 144 | G66: OB | H66: 4500000 | I66: =F66*H66 -> 648000000
B67: - Tunjangan Profesi Dosen PNS Lulus 2017 23 ORG x 12 BLN | E67: OB | F67: 276 | G67: OB | H67: 4500000 | I67: =F67*H67 -> 1242000000
B68: - Tunjangan Profesi Dosen PNS Lulus 2018 25 ORG X 12 BLN | E68: OB | F68: 299 | G68: OB | H68: 4200000 | I68: =F68*H68 -> 1255800000
B69: - Tunjangan Profesi Dosen PNS Lulus 2019 10 ORG X 12 BLN | E69: OB | F69: 120 | G69: OB | H69: 4200000 | I69: =F69*H69 -> 504000000
... B81: - Tunjangan Profesi Dosen Profesor PNS Lulus 2015 1 ORG X 1 BLN | E81: OB | F81: 1 | G81: OB | H81: 4200000 | I81: =F81*H81 -> 4200000
A82: 511154 | B82: Belanja Tunjangan Kehormatan Profesor | I82: =SUM(I83:I91) -> 10200000000
B83: - Tunjangan Kehormatan Profesor PNS Lulus 2008 34 ORG X 12 BLN | E83: OB | F83: 242 | G83: OB | H83: 17450000 | I83: =F83*H83 -> 4222900000
B84: - Tunjangan Kehormatan Profesor PNS Lulus 2009 7 ORG X 12 BLN | E84: OB | F84: 84 | G84: OB | H84: 17500000 | I84: =F84*H84 -> 1470000000
B85: - Tunjangan Kehormatan Profesor PNS Lulus 2010 5 ORG X 12 BLN | E85: OB | F85: 60 | G85: OB | H85: 17500000 | I85: =F85*H85 -> 1050000000
B86: - Tunjangan Kehormatan Profesor PNS Lulus 2011 5 ORG x 12 BLN | E86: OB | F86: 60 | G86: OB | H86: 17500000 | I86: =F86*H86 -> 1050000000
B87: - Tunjangan Kehormatan Profesor PNS Lulus 2012 1 ORG x 12 BLN | E87: OB | F87: 18 | G87: OB | H87: 17500000 | I87: =F87*H87 -> 315000000
B88: - Tunjangan Kehormatan Profesor PNS Lulus 2013 2 ORG x 12 BLN | E88: OB | F88: 24 | G88: OB | H88: 16900000 | I88: =F88*H88 -> 405600000
B89: - Tunjangan Kehormatan Profesor PNS Lulus 2014 84 ORG X 12 BLN | E89: OB | F89: 84 | G89: OB | H89: 17500000 | I89: =F89*H89 -> 1470000000
B90: - Tunjangan Kehormatan Profesor PNS Lulus 2015 1 ORG x 12 BLN | E90: OB | F90: 12 | G90: OB | H90: 16900000 | I90: =F90*H90 -> 202800000
B91: - Tunjangan Kehormatan Profesor PNS Lulus 2016 1 ORG x 1 BLN | E91: OB | F91: 1 | G91: OB | H91: 13700000 | I91: =F91*H91 -> 13700000
A92: 511611 | B92: Belanja Gaji Pokok PPPK | I92: =I93 -> 490000000
B93: - Belanja Gaji Pokok PPPK | E93: TAHUN | F93: 1 | G93: TAHUN | H93: 490000000 | I93: =F93*H93 -> 490000000
A94: 511619 | B94: Belanja Pembulatan Gaji PPPK | I94: =I95 -> 24000
B95: - Belanja Pembulatan Gaji PPPK | E95: TAHUN | F95: 1 | G95: TAHUN | H95: 24000 | I95: =F95*H95 -> 24000
A96: 511621 | B96: Belanja Tunjangan Suami/Istri PPPK | I96: =I97 -> 56000000
B97: - Belanja Tunjangan Suami/Istri PPPK | E97: TAHUN | F97: 1 | G97: TAHUN | H97: 56000000 | I97: =F97*H97 -> 56000000
A98: 511622 | B98: Belanja Tunjangan Anak PPPK | I98: =I99 -> 28000000
B99: - Belanja Tunjangan Anak PPPK | E99: TAHUN | F99: 1 | G99: TAHUN | H99: 28000000 | I99: =F99*H99 -> 28000000
A100: 511624 | B100: Belanja Tunjangan Fungsional PPPK | I100: =I101 -> 126000000
B101: - Belanja Tunjangan Fungsional PPPK | E101: TAHUN | F101: 1 | G101: TAHUN | H101: 126000000 | I101: =F101*H101 -> 126000000
A102: 511625 | B102: Belanja Tunjangan Beras PPPK | I102: =I103 -> 42000000
B103: - Belanja Tunjangan Beras PPPK | E103: TAHUN | F103: 1 | G103: TAHUN | H103: 42000000 | I103: =F103*H103 -> 42000000
A104: 511628 | B104: Belanja Uang Makan PPPK | I104: =I105 -> 98000000
B105: - Belanja Uang Makan PPPK | E105: TAHUN | F105: 1 | G105: TAHUN | H105: 98000000 | I105: =F105*H105 -> 98000000
A106: 512211 | B106: Belanja Uang Lembur | I106: =SUM(I107:I112) -> 59997000
B107: - Uang Lembur Golongan IV | E107: OJ | F107: 50 | G107: OJ | H107: 36000 | I107: =F107*H107 -> 1800000
B108: - Uang Lembur Golongan III | E108: OJ | F108: 846 | G108: OJ | H108: 30000 | I108: =F108*H108 -> 25380000
B109: - Uang Lembur Golongan II | E109: OJ | F109: 20 | G109: OJ | H109: 24000 | I109: =F109*H109 -> 480000
B110: - Uang Makan PNS Golongan IV | E110: OH | F110: 23 | G110: OH | H110: 41000 | I110: =F110*H110 -> 943000
B111: - Uang Makan PNS Golongan III | E111: OH | F111: 822 | G111: OH | H111: 37000 | I111: =F111*H111 -> 30414000
B112: - Uang Makan PNS Golongan II | E112: OH | F112: 28 | G112: OH | H112: 35000 | I112: =F112*H112 -> 980000
A113: 512212 | B113: Belanja Uang Lembur PPPK | I113: =SUM(I114:I115) -> 24002000
...

Sheet RAB 7735.EBA.956
A1: RINCIAN ANGGARAN BIAYA
A3: Kementerian/Lembaga | B3: : Kementerian Pendidikan Tinggi, Sains dan Teknologi
A4: Unit eselon II/Satker | B4: : Lembaga Layanan Pendidikan Tinggi Wilayah III DKI Jakarta
A5: Kegiatan | B5: : Pengelolaan Lembaga Layanan Penddikan Tinggi
A6: Sasaran Kegiatan | B6: : Meningkatnya Tata Kelola Lembaga Layanan Pendidikan Tinggi
A7: Indikator kinerja kegiatan | B7: : - Predikat Sakip LLDikti - Nilai Kinerja Anggaran
A8: Klasifikasi Rincian Output | B8: : Layanan Dukungan Manajemen Internal
A9: Rincian Output | B9: : Layanan BMN
A10: Volume RO | B10: : 1
A11: Satuan RO | B11: : Layanan
A12: Alokasi Dana | B12: : Rp. 10.000.000
A15: Kode | B15: Uraian RO/Komponen/Subkomponen/Akun/Detil | C15: Volume Rincian Output | D15: Jenis Komponen (Utama/Pendukung) | E15: Rincian Perhitungan | G15: Harga Satuan | H15: Jumlah
E16: Sat. | F16: jml
A17: 7735.EBA.Z07 | B17: Layanan BMN | C17: 1 | E17: Layanan | H17: =H18 -> 10000000
A18: 051 | B18: Pengelolaan Barang Milik Negara | D18: Utama | H18: =H19 -> 10000000
A19: A | B19: Koordinasi Penghapusan Barang Rusak Berat | H19: =H20+H24+H26 -> 10000000
A20: 521211 | B20: Belanja Bahan | H20: =SUM(H21:H23) -> 2740000
B21: - Makan Rapat Biasa D.K.I. JAKARTA | E21: OK | F21: 30 | G21: 57000 | H21: =F21*G21 -> 1710000
B22: - Snack Rapat Biasa D.K.I. JAKARTA | E22: OK | F22: 30 | G22: 24000 | H22: =F22*G22 -> 720000
B23: - Bahan Habis Pakai | E23: KEG | F23: 1 | G23: 310000 | H23: =F23*G23 -> 310000
A24: 522151 | B24: Belanja Jasa Profesi | H24: =SUM(H25:H25) -> 2700000
B25: - 01 Honorarium Narasumber (Pejabat Eselon II) [3 ORG x 1 JAM] | E25: OJ | F25: 3 | G25: 900000 | H25: =F25*G25 -> 2700000
A26: 524113 | B26: Belanja Perjalanan Dinas Dalam Kota | H26: =SUM(H27:H28) -> 4560000
B27: - Uang Harian Dalam Kota | E27: OK | F27: 12 | G27: 210000 | H27: =F27*G27 -> 2520000
B28: - Transport Dalam Kota | E28: OK | F28: 12 | G28: 170000 | H28: =F28*G28 -> 2040000
F31: Penanggung Jawab Kegiatan
F36: Henri Tambunan
F37: NIP 196811261994031001

Sheet RAB 7735.EBB.951
A1: RINCIAN ANGGARAN BIAYA
A3: Kementerian/Lembaga | B3: : Kementerian Pendidikan Tinggi, Sains dan Teknologi
A4: Unit eselon II/Satker | B4: : Lembaga Layanan Pendidikan Tinggi Wilayah III DKI Jakarta
A5: Kegiatan | B5: : Pengelolaan Lembaga Layanan Penddikan Tinggi
A6: Sasaran Kegiatan | B6: : Meningkatnya Tata Kelola Lembaga Layanan Pendidikan Tinggi
A7: Indikator kinerja kegiatan | B7: : - Predikat Sakip LLDikti - Nilai Kinerja Anggaran
A8: Klasifikasi Rincian Output | B8: : Layanan Sarana dan Prasarana Internal [Base Line]
A9: Rincian Output | B9: : Layanan Sarana Internal
A10: Volume RO | B10: : 1
A11: Satuan RO | B11: : Unit
A12: Alokasi Dana | B12: : Rp. 198.600.000
A15: Kode | B15: Uraian RO/Komponen/Subkomponen/Akun/Detil | C15: Volume Rincian Output | D15: Jenis Komponen (Utama/Pendukung) | E15: Rincian Perhitungan | H15: Harga Satuan | I15: Jumlah
E16: jml | F16: Sat. | G16: jml
A17: 7735.EBB.951 | B17: Layanan Sarana Internal | C17: 1 | F17: Unit | I17: =I18 -> 198600000
A18: 996 | B18: Alat Pengolah Data dan Komunikasi | D18: Utama | I18: =I19 -> 198600000
A19: A | B19: Alat Pengolah Data dan Komunikasi | I19: =I20 -> 198600000
A20: 532111 | B20: Belanja Modal Peralatan dan Mesin | I20: =SUM(I21:I28) -> 198600000
B21: - Webcam | E21: 6 | F21: Paket | G21: 6 | H21: 2600000 | I21: =G21*H21 -> 15600000
B22: - Smart TV | E22: 2 | F22: Paket | G22: 2 | H22: 14200000 | I22: =G22*H22 -> 28400000
B23: - Mixer | E23: 1 | F23: Paket | G23: 1 | H23: 20000000 | I23: =G23*H23 -> 20000000
B24: - Speaker | E24: 7 | F24: Paket | G24: 7 | H24: 10000000 | I24: =G24*H24 -> 70000000
B25: - Microphone | E25: 3 | F25: Paket | G25: 3 | H25: 5000000 | I25: =G25*H25 -> 15000000
B26: - Mic Podium | E26: 1 | F26: Paket | G26: 1 | H26: 6300000 | I26: =G26*H26 -> 6300000
B27: - Kamera | E27: 1 | F27: Paket | G27: 1 | H27: 33500000 | I27: =G27*H27 -> 33500000
B28: - Lensa Kamera | E28: 1 | F28: Paket | G28: 1 | H28: 9800000 | I28: =G28*H28 -> 9800000
E31: Penanggung Jawab Kegiatan | G31: Penanggung Jawab Kegiatan
E36: Henri Tambunan | G36: Henri Tambunan
E37: NIP 196811261994031001 | G37: NIP 196811261994031001
